sku,url,tu_nombre_seller,nombre_producto,sku_patish,vgc
1102061027,https://www.liverpool.com.mx/tienda/pdp/producto/1141199761?skuid=1102061027,PATISH,APPLE IPHONE 11 4GB 64GB PURPURA REACONDICIONADO,4201066,1141199761
1102061035,https://www.liverpool.com.mx/tienda/pdp/producto/1129588141?skuid=1102061035,PATISH,APPLE IPHONE 11 4GB 64GB NEGRO REACONDICIONADO,4201068,1129588141
1102061060,https://www.liverpool.com.mx/tienda/pdp/producto/1132485751?skuid=1102061060,PATISH,APPLE IPHONE 11 4GB 64GB BLANCO REACONDICIONADO,4200085,1132485751
1102061744,https://www.liverpool.com.mx/tienda/pdp/producto/1134829539?skuid=1102061744,PATISH,APPLE IPHONE 11 PRO MAX 4GB 64GB VERDE REACONDICIONADO,4200012,1134829539
1102061736,https://www.liverpool.com.mx/tienda/pdp/producto/1134829555?skuid=1102061736,PATISH,APPLE IPHONE 11 PRO MAX 4GB 64GB BLANCO REACONDICIONADO,4200010,1134829555
1150555155,https://www.liverpool.com.mx/tienda/pdp/producto/1150555155?skuid=1150555155,PATISH,Laptop Lenovo 82V60022US 14 pulgadas HD Intel Celeron Intel UHD Graphics 4 GB RAM,4201728,1150555155
1149132291,https://www.liverpool.com.mx/tienda/pdp/producto/1149132291?skuid=1149132291,PATISH,Laptop Evolve Evolve 4G LTE 11.6 pulgadas HD Intel Celeron Intel UHD 4 GB RAM 64 GB SSD,4202128,1149132291
1141665380,https://www.liverpool.com.mx/tienda/pdp/producto/1150282345?skuid=1141665380,PATISH,Tablet Samsung Galaxy Tab S6 Lite 10.4 pulgadas de 4 GB RAM,4201721,1150282345
1143899876,https://www.liverpool.com.mx/tienda/pdp/producto/1143899876?skuid=1143899876,PATISH,"Laptop hp 14-cf2112wm 14 pulgadas hd intel celeron intel uhd 4 gb ""ram"" no tiene no tiene",4201866,1143899876
1153127944,https://www.liverpool.com.mx/tienda/pdp/producto/1153532539?skuid=1153127944,PATISH,Bocina recargable Harman Kardon Onyx Studio 7 bluetooth,4201958_4200024,1153532539
1152366813,https://www.liverpool.com.mx/tienda/pdp/producto/1157919225?skuid=1152366813,PATISH,Laptop gamer Lenovo 82SB00SLUS 15.6 pulgadas Full HD AMD Ryzen 5 Nvidia GeForce RTX 2050 8 GB RAM 512 GB SSD,4201622,1157919225
1157878839,https://www.liverpool.com.mx/tienda/pdp/producto/1157878839?skuid=1157878839,PATISH,Laptop Lenovo 82XQ008GIN 15.6 pulgadas Full HD AMD Ryzen 5 8 GB RAM 512 GB SSD,4201621,1157878839
1149745137,https://www.liverpool.com.mx/tienda/pdp/producto/1149745137?skuid=1149745137,PATISH,Control Sony alámbrico para playstation 5,4201763_4200087Blanco,1149745137
1157552291,https://www.liverpool.com.mx/tienda/pdp/producto/1157552291?skuid=1157552291,PATISH,Samsung Galaxy S21 Fe 5G Dynamic AMOLED 2X 6.4 pulgadas Reacondicionado,4201924,1157552291
1157552526,https://www.liverpool.com.mx/tienda/pdp/producto/1157552526?skuid=1157552526,PATISH,Laptop Lenovo 83ER008DIN 15.6 pulgadas Full HD Intel Core i5 Intel UHD 16 GB RAM 512 GB SSD,4201625,1157552526
1136610364,https://www.liverpool.com.mx/tienda/pdp/producto/1136610364?skuid=1136610364,PATISH,Audífonos True Wireless Skullcandy Indy Anc inalámbricos con cancelación de ruido,4200025,1136610364
1149582769,https://www.liverpool.com.mx/tienda/pdp/producto/1154307253?skuid=1149582769,PATISH,Xiaomi Poco M5S Dynamic AMOLED 2X 6.4 pulgadas,4201758,1154307253
1147685251,https://www.liverpool.com.mx/tienda/pdp/producto/1147685251?skuid=1147685251,PATISH,Laptop touch Lenovo 82H803SDUS 15.6 pulgadas Full HD Intel Core i3 Intel UHD Graphics 8 GB RAM 256 GB SSD,4201794,1147685251
1147890601,https://www.liverpool.com.mx/tienda/pdp/producto/1147890601?skuid=1147890601,PATISH,Tablet Xiaomi Pad 6 11 pulgadas de 8 GB RAM,4201799,1147890601
1135557281,https://www.liverpool.com.mx/tienda/pdp/producto/1154805091?skuid=1135557281,PATISH,Apple iPhone 13 6.1 pulgadas OLED Reacondicionado,4201814-iPhone 13 128GB Azul,1154805091
1126178782,https://www.liverpool.com.mx/tienda/pdp/producto/1141414930?skuid=1126178782,PATISH,Xiaomi 12 Lite AMOLED 6.5 Pulgadas,4201900,1141414930
1158448269,https://www.liverpool.com.mx/tienda/pdp/producto/1158677632?skuid=1158448269,PATISH,Laptop 2 en 1 touch Hp 14-es1023dx 14 pulgadas Full HD Intel Core i7 16 GB RAM 512 GB SSD,4201620,1158677632
1131741860,https://www.liverpool.com.mx/tienda/pdp/producto/1131838987?skuid=1131741860,PATISH,Consola portátil Nintendo Switch OLED 64 GB edición estándar +Audifonos,4202030_4200087Blanco,1131838987
1148941536,https://www.liverpool.com.mx/tienda/pdp/producto/1154944776?skuid=1148941536,PATISH,Redmi Redmi Note 11S 5G AMOLED 6.6 pulgadas,4201946,1154944776
1137795384,https://www.liverpool.com.mx/tienda/pdp/producto/1137795384?skuid=1137795384,PATISH,Audífonos True Wireless Skullcandy Indy Fuel inalámbricos con cancelación de ruido,4200019,1137795384
1154417725,https://www.liverpool.com.mx/tienda/pdp/producto/1157376574?skuid=1154417725,PATISH,Samsung galaxy a35 amoled 6.6 pulgadas nuevo,4201638,1157376574
1129653490,https://www.liverpool.com.mx/tienda/pdp/producto/1141471003?skuid=1129653490,PATISH,Apple iPhone 12 6.1 pulgadas AMOLED Reacondicionado,4201940-iPhone 12 64GB Rojo,1141471003
1149532150,https://www.liverpool.com.mx/tienda/pdp/producto/1150111354?skuid=1149532150,PATISH,Xiaomi redmi note 13 super amoled 6.6 pulgadas nuevo,Eliminado-9,1150111354
1157872717,https://www.liverpool.com.mx/tienda/pdp/producto/1158118111?skuid=1157872717,PATISH,Xiaomi 13T OLED 6.6 pulgadas,4201627,1158118111
1139370381,https://www.liverpool.com.mx/tienda/pdp/producto/1153537808?skuid=1139370381,PATISH,Tablet Samsung Galaxy S6 Lite 10.4 pulgadas de 4 GB RAM,4201674,1153537808
1154417741,https://www.liverpool.com.mx/tienda/pdp/producto/1157376582?skuid=1154417741,PATISH,Samsung galaxy a35 amoled 6.6 pulgadas nuevo,4201636,1157376582
1149532168,https://www.liverpool.com.mx/tienda/pdp/producto/1150111371?skuid=1149532168,PATISH,Xiaomi redmi note 13 super amoled 6.6 pulgadas nuevo,Eliminado-10,1150111371
1149905193,https://www.liverpool.com.mx/tienda/pdp/producto/1149905193?skuid=1149905193,PATISH,Xiaomi xiaomi redmi note 13 pro amoled 6.6 pulgadas nuevo,Eliminado-11,1149905193
1133617040,https://www.liverpool.com.mx/tienda/pdp/producto/1138011972?skuid=1133617040,PATISH,Motorola Moto G62 5G LCD IPS 6.5 pulgadas,4201972,1138011972
1146800544,https://www.liverpool.com.mx/tienda/pdp/producto/1157574856?skuid=1146800544,PATISH,Laptop gamer Lenovo 15.6 pulgadas Full HD+ AMD Ryzen 7 NVIDIA GeForce RTX 4050 8 GB RAM 512 GB SSD,4201626,1157574856
1147678165,https://www.liverpool.com.mx/tienda/pdp/producto/1147678165?skuid=1147678165,PATISH,Laptop Lenovo 82LX0050US 15.6 pulgadas Full HD Intel Celeron Intel UHD Graphics 4 GB RAM 128 GB SSD,4201793,1147678165
1150507801,https://www.liverpool.com.mx/tienda/pdp/producto/1150810694?skuid=1150507801,PATISH,Laptop touch Lenovo 82H701QNUS 14 pulgadas Full HD Intel Core i5 Intel Iris XE 8 GB RAM 512 GB SSD,4201727,1150810694
1097411944,https://www.liverpool.com.mx/tienda/pdp/producto/1097424744?skuid=1097411944,PATISH,Telefono Inalambrico Panasonic KX-TGF350M-C 1 Extension +  Monitor de Bebe ( Reacondicionado Certificado ),Eliminado-21,1097424744
1094031989,https://www.liverpool.com.mx/tienda/pdp/producto/1094091124?skuid=1094031989,PATISH,Telefono Inalambrico Panasonic KX-TG833SK 3 Extensiones  Black ( Reacondicionado Certificado ),4203041,1094091124
1137152289,https://www.liverpool.com.mx/tienda/pdp/producto/1140738715?skuid=1137152289,PATISH,Xiaomi Redmi Note 12S AMOLED 6.4 Pulgadas Desbloqueado,Eliminado-41,1140738715
1147756638,https://www.liverpool.com.mx/tienda/pdp/producto/1148656912?skuid=1147756638,PATISH,Xiaomi Redmi 13C LCD IPS 6.7 pulgadas,4201791,1148656912
1149756759,https://www.liverpool.com.mx/tienda/pdp/producto/1152489222?skuid=1149756759,PATISH,Xiaomi Redmi 13C LCD IPS 6.7 pulgadas,4201689,1152489222
1138492610,https://www.liverpool.com.mx/tienda/pdp/producto/1147661246?skuid=1138492610,PATISH,Xiaomi poco f5 amoled 6.6 pulgadas nuevo,4201786,1147661246
1136617423,https://www.liverpool.com.mx/tienda/pdp/producto/1148894775?skuid=1136617423,PATISH,Poco poco f5 amoled 6.6 pulgadas nuevo,4201878,1148894775
1152975585,https://www.liverpool.com.mx/tienda/pdp/producto/1152975585?skuid=1152975585,PATISH,Xiaomi Poco C65 LCD IPS 6.7 pulgadas,4201784,1152975585
1149232041,https://www.liverpool.com.mx/tienda/pdp/producto/1149699879?skuid=1149232041,PATISH,Xiaomi Note 13 5G AMOLED 6.7 pulgadas,Eliminado113,1149699879
1149919615,https://www.liverpool.com.mx/tienda/pdp/producto/1152489494?skuid=1149919615,PATISH,Xiaomi Redmi Note 13 AMOLED 6.6 pulgadas,4201686,1152489494
1149527148,https://www.liverpool.com.mx/tienda/pdp/producto/1149527148?skuid=1149527148,PATISH,Xiaomi poco x6 pro amoled 6.6 pulgadas nuevo,4201753,1149527148
1150032683,https://www.liverpool.com.mx/tienda/pdp/producto/1152489630?skuid=1150032683,PATISH,Xiaomi Poco M6 Pro AMOLED 6.6 pulgadas,4201748,1152489630
1149440182,https://www.liverpool.com.mx/tienda/pdp/producto/1152915574?skuid=1149440182,PATISH,Xiaomi Poco M6 Pro AMOLED 6.6 pulgadas,4201678,1152915574
1149440191,https://www.liverpool.com.mx/tienda/pdp/producto/1152915558?skuid=1149440191,PATISH,Xiaomi Poco M6 Pro AMOLED 6.6 pulgadas,4201679,1152915558
1135286121,https://www.liverpool.com.mx/tienda/pdp/producto/1140634782?skuid=1135286121,PATISH,Xiaomi redmi 12c lcd ips 6.7 pulgadas nuevo,4201992,1140634782
1136946508,https://www.liverpool.com.mx/tienda/pdp/producto/1137089412?skuid=1136946508,PATISH,Motorola Moto G Power Azul LCD IPS 6.4 pulgadas,4201985,1137089412
1147339174,https://www.liverpool.com.mx/tienda/pdp/producto/1151520096?skuid=1147339174,PATISH,Motorola Moto G54 LCD IPS 6.5 pulgadas,4201708,1151520096
1145836138,https://www.liverpool.com.mx/tienda/pdp/producto/1154590974?skuid=1145836138,PATISH,Motorola motorola moto g54 5g lcd ips 6.5 pulgadas nuevo,4201671,1154590974
1146702518,https://www.liverpool.com.mx/tienda/pdp/producto/1151520118?skuid=1146702518,PATISH,"Motorola motorola moto g14 4gb ram, 128gb rom lcd 6.5 pulgadas nuevo",4201709,1151520118
1139525546,https://www.liverpool.com.mx/tienda/pdp/producto/1139682510?skuid=1139525546,PATISH,"Audífono true wireless skullcandy jib true  inalámbrica ""con (si aplica)"" no",4201955,1139682510
1148315104,https://www.liverpool.com.mx/tienda/pdp/producto/1148315104?skuid=1148315104,PATISH,Consola PS5 de 1 TB edición bundle,4201773_4200087,1148315104
1154249156,https://www.liverpool.com.mx/tienda/pdp/producto/1154669031?skuid=1154249156,PATISH,Consola PS5 de 1 TB edición bundle spider-man,4201661_4200087,1154669031
1146388830,https://www.liverpool.com.mx/tienda/pdp/producto/1152736556?skuid=1146388830,PATISH,Consola Xbox Series S de 512 GB edición bundle,4201665_4200087,1152736556
1131877087,https://www.liverpool.com.mx/tienda/pdp/producto/1131877087?skuid=1131877087,PATISH,Consola Xbox Series S de 512 GB edición bundle fortnite,4200098_4200087,1131877087
1135674628,https://www.liverpool.com.mx/tienda/pdp/producto/1153337167?skuid=1135674628,PATISH,Consola fija xbox one series x de 1 tb edición limitada Microsoft,4201770,1153337167
1141068691,https://www.liverpool.com.mx/tienda/pdp/producto/1141068691?skuid=1141068691,PATISH,Consola Xbox Series S de 512 GB edición bundle,4201665_4200087-XboxSeriesS512GB,1141068691
1137820702,https://www.liverpool.com.mx/tienda/pdp/producto/1137820702?skuid=1137820702,PATISH,Consola portátil Nintendo Switch OLED 64 GB edición especial Pokémon,4201978_4200087,1137820702
1146671604,https://www.liverpool.com.mx/tienda/pdp/producto/1146671604?skuid=1146671604,PATISH,Consola portátil Steam Deck 64 GB edición estándar Valve,4201798,1146671604
1136209040,https://www.liverpool.com.mx/tienda/pdp/producto/1136209040?skuid=1136209040,PATISH,Apple MacBook 13.3 pulgadas M1 8 GB RAM 256 GB SSD,Eliminado-13,1136209040
1136209066,https://www.liverpool.com.mx/tienda/pdp/producto/1136209066?skuid=1136209066,PATISH,Apple MacBook Air 13.3 pulgadas M1 8 GB RAM 256 GB SSD,Eliminado-15,1136209066
1139581152,https://www.liverpool.com.mx/tienda/pdp/producto/1139581152?skuid=1139581152,PATISH,Apple MacBook Air 13.6 pulgadas M2 8 GB RAM 256 GB SSD,Eliminado-18,1139581152
1131944248,https://www.liverpool.com.mx/tienda/pdp/producto/1132132247?skuid=1131944248,PATISH,Consola Nintendo Switch de 32 GB edición bundle,4200097_4200087,1132132247
1150362802,https://www.liverpool.com.mx/tienda/pdp/producto/1150952120?skuid=1150362802,PATISH,Laptop Lenovo 82V60065US 14 pulgadas HD Intel Celeron Intel UHD 600 4 GB RAM,4201726,1150952120
1141653969,https://www.liverpool.com.mx/tienda/pdp/producto/1141839086?skuid=1141653969,PATISH,Laptop Hp 14-dq0052dx 14 pulgadas HD Intel Celeron Intel UHD 600 4 GB RAM,4201906,1141839086
1147963226,https://www.liverpool.com.mx/tienda/pdp/producto/1148657269?skuid=1147963226,PATISH,Laptop Hp 14-CF2723WM 14 pulgadas Full HD Intel Celeron Intel UHD Graphics 600 64 GB RAM 64 GB SSD,4201772,1148657269
1129559850,https://www.liverpool.com.mx/tienda/pdp/producto/1129559850?skuid=1129559850,PATISH,Tablet Samsung Galaxy Tab S6 Lite SM-P61 10.4 pulgadas de 4 GB RAM,4202087,1129559850
1141241113,https://www.liverpool.com.mx/tienda/pdp/producto/1141241113?skuid=1141241113,PATISH,Tablet Samsung Galaxy Tab S6 Lite SM-P61 10.4 pulgadas de 4 GB RAM,4202089,1141241113
1144102343,https://www.liverpool.com.mx/tienda/pdp/producto/1144102343?skuid=1144102343,PATISH,Tablet Samsung A8 10.5 pulgadas de 4 GB RAM,4200032,1144102343
1128545596,https://www.liverpool.com.mx/tienda/pdp/producto/1140734710?skuid=1128545596,PATISH,Samsung Galaxy S21 5G amoled 6.2 pulgadas desbloqueado reacondicionado,4201931,1140734710
1128545600,https://www.liverpool.com.mx/tienda/pdp/producto/1140734523?skuid=1128545600,PATISH,Samsung Galaxy S21 5G AMOLED 6.2 pulgadas Reacondicionado,4201932,1140734523
1137083716,https://www.liverpool.com.mx/tienda/pdp/producto/1147914446?skuid=1137083716,PATISH,Samsung samsung galaxy s21 plus 128 gb super amoled 6.7 pulgadas reacondicionado,4201805,1147914446
1137083694,https://www.liverpool.com.mx/tienda/pdp/producto/1150687965?skuid=1137083694,PATISH,Samsung samsung galaxy s21 ultra 128 gb super amoled 6.8 pulgadas reacondicionado,4201719,1150687965
1137083708,https://www.liverpool.com.mx/tienda/pdp/producto/1150687973?skuid=1137083708,PATISH,Samsung samsung galaxy s21 ultra 128 gb super amoled 6.8 pulgadas reacondicionado,4201720,1150687973
1148767790,https://www.liverpool.com.mx/tienda/pdp/producto/1153310030?skuid=1148767790,PATISH,Samsung galaxy a25 super amoled 6.5 pulgadas nuevo,4201690,1153310030
1127611889,https://www.liverpool.com.mx/tienda/pdp/producto/1143939355?skuid=1127611889,PATISH,Xiaomi Poco M4 5G IPS 6.5 pulgadas,4201855,1143939355
1134918213,https://www.liverpool.com.mx/tienda/pdp/producto/1148656971?skuid=1134918213,PATISH,Poco X5 5G AMOLED 6.6 pulgadas desbloqueado,4201999,1148656971
1139770532,https://www.liverpool.com.mx/tienda/pdp/producto/1141414867?skuid=1139770532,PATISH,Xiaomi xiaomi redmi 12 lcd ips 6.7 pulgadas nuevo,4201899,1141414867
1141762342,https://www.liverpool.com.mx/tienda/pdp/producto/1142099001?skuid=1141762342,PATISH,Xiaomi 12 Lite AMOLED 6.5 pulgadas,4201882,1142099001
1116943553,https://www.liverpool.com.mx/tienda/pdp/producto/1140191783?skuid=1116943553,PATISH,XIAOMI REDMI NOTE 11S 6GB 64GB AZUL,4201922,1140191783
1116943537,https://www.liverpool.com.mx/tienda/pdp/producto/1140191775?skuid=1116943537,PATISH,XIAOMI REDMI NOTE 11S 6GB 64GB GRIS,4201921,1140191775
1124310187,https://www.liverpool.com.mx/tienda/pdp/producto/1124310187?skuid=1124310187,PATISH,Xiaomi Redmi Note 11 Pro Super AMOLED 6.6 pulgadas,4202038,1124310187
1113839801,https://www.liverpool.com.mx/tienda/pdp/producto/1152326196?skuid=1113839801,PATISH,APPLE IPHONE 12 PRO MAX 6GB 128GB GRAFITO REACONDICIONADO,4201699,1152326196
1113839780,https://www.liverpool.com.mx/tienda/pdp/producto/1152326170?skuid=1113839780,PATISH,APPLE IPHONE 12 PRO MAX 6GB 128GB GRAFITO REACONDICIONADO,4201701,1152326170
1102061728,https://www.liverpool.com.mx/tienda/pdp/producto/1134829547?skuid=1102061728,PATISH,APPLE IPHONE 11 PRO MAX 4GB 64GB DORADO REACONDICIONADO,4200011,1134829547
1102061558,https://www.liverpool.com.mx/tienda/pdp/producto/1132838701?skuid=1102061558,PATISH,APPLE IPHONE 11 PRO MAX 4GB 256GB GRIS REACONDICIONADO,4200061,1132838701
1135557290,https://www.liverpool.com.mx/tienda/pdp/producto/1153034911?skuid=1135557290,PATISH,Apple iphone 13 128 gb oled 6.1 pulgadas reacondicionado,4201813-iPhone 13 128GB Blanco,1153034911
1139370399,https://www.liverpool.com.mx/tienda/pdp/producto/1153537816?skuid=1139370399,PATISH,Tablet Samsung Galaxy S6 Lite 10.4 pulgadas de 4 GB RAM,4201675,1153537816
1126871232,https://www.liverpool.com.mx/tienda/pdp/producto/1150812239?skuid=1126871232,PATISH,Xiaomi Poco M4 5G IPS 6.5 pulgadas,4201713,1150812239
1086969633,https://www.liverpool.com.mx/tienda/pdp/producto/1152837450?skuid=1086969633,PATISH,Consola Portátil Nintendo Switch Lite 32 GB,4201976-Gris,1152837450
1147752390,https://www.liverpool.com.mx/tienda/pdp/producto/1147752390?skuid=1147752390,PATISH,Tablet Apple Ipad 7 10.2 pulgadas de 2 GB RAM reacondicionado,4201849,1147752390
1141762296,https://www.liverpool.com.mx/tienda/pdp/producto/1142098969?skuid=1141762296,PATISH,Tablet Xiaomi Pad 6 11 pulgadas de 6 GB RAM,4201880,1142098969
1146390931,https://www.liverpool.com.mx/tienda/pdp/producto/1153689713?skuid=1146390931,PATISH,Consola Nintendo Switch OLED de 64 GB edición bundle the legend of zelda,4201977_4200087,1153689713
1090995967,https://www.liverpool.com.mx/tienda/pdp/producto/1090995967?skuid=1090995967,PATISH,Telefono Inalambrico Panasonic  KX-TG273-C  3 Auriculares Negro (Reacondicionado Certificado),4203076,1090995967
1137683799,https://www.liverpool.com.mx/tienda/pdp/producto/1137683799?skuid=1137683799,PATISH,Consola portátil Nintendo Switch Lite 32 GB edición especial,4201090-4200087,1137683799
1135276631,https://www.liverpool.com.mx/tienda/pdp/producto/1135276631?skuid=1135276631,PATISH,Consola Nintendo Switch OLED de 64 GB edición bundle,4201088_4200087Rojo/Azul,1135276631
1149690031,https://www.liverpool.com.mx/tienda/pdp/producto/1150513959?skuid=1149690031,PATISH,Laptop touch Lenovo IdeaPad 1 15ALC7 15.6 pulgadas Full HD AMD Ryzen 7 AMD Radeon 16 GB RAM 512 GB SSD,4201733,1150513959
1149582751,https://www.liverpool.com.mx/tienda/pdp/producto/1150513983?skuid=1149582751,PATISH,Laptop Lenovo IdeaPad 1 15AMN7 15.6 pulgadas Full HD AMD Ryzen 3 AMD Radeon 8 GB RAM 256 GB SSD,4201732,1150513983
1154417768,https://www.liverpool.com.mx/tienda/pdp/producto/1157374865?skuid=1154417768,PATISH,Samsung galaxy a35 amoled 6.6 pulgadas nuevo,4201637,1157374865
1086969641,https://www.liverpool.com.mx/tienda/pdp/producto/1153324502?skuid=1086969641,PATISH,Consola Portátil Nintendo Switch Lite 32 GB,4201975-Amarillo,1153324502
1141762300,https://www.liverpool.com.mx/tienda/pdp/producto/1142098977?skuid=1141762300,PATISH,Tablet Xiaomi Pad 6 11 pulgadas de 6 GB RAM,4201881,1142098977
1150652975,https://www.liverpool.com.mx/tienda/pdp/producto/1151721831?skuid=1150652975,PATISH,Samsung samsung galaxy s20+ 5g dynamic amoled 2x 6.7 pulgadas reacondicionado,4201716,1151721831
1135558229,https://www.liverpool.com.mx/tienda/pdp/producto/1154805067?skuid=1135558229,PATISH,Apple iPhone 13 6.1 pulgadas OLED Reacondicionado,4201812-iPhone 13 128Gb Negro,1154805067
1157938688,https://www.liverpool.com.mx/tienda/pdp/producto/1157938688?skuid=1157938688,PATISH,Xiaomi Poco X6 5G AMOLED 6.6 pulgadas,4201742,1157938688
1137795376,https://www.liverpool.com.mx/tienda/pdp/producto/1137795376?skuid=1137795376,PATISH,Audífonos True Wireless Skullcandy Indy Fuel inalámbricos con cancelación de ruido,4200020,1137795376
1123521362,https://www.liverpool.com.mx/tienda/pdp/producto/1123521362?skuid=1123521362,PATISH,Laptop Evolve Maestro III 11.6 pulgadas HD Intel Celeron AMD Radeon 4 GB RAM,4202034,1123521362
1148587325,https://www.liverpool.com.mx/tienda/pdp/producto/1148587325?skuid=1148587325,PATISH,Xiaomi Poco C65 LCD IPS 6.7 pulgadas,4201785,1148587325
1132181621,https://www.liverpool.com.mx/tienda/pdp/producto/1132181621?skuid=1132181621,PATISH,Consola portátil Nintendo Switch Lite 32 GB edición especial,Eliminado-33,1132181621
1136209058,https://www.liverpool.com.mx/tienda/pdp/producto/1136209058?skuid=1136209058,PATISH,Apple MacBook Air 13.3 pulgadas M1 8 GB RAM 256 GB SSD,Eliminado-14,1136209058
1154291306,https://www.liverpool.com.mx/tienda/pdp/producto/1155032118?skuid=1154291306,PATISH,Set de teléfonos Panasonic KX-TGD562M 2 auriculares,4201049,1155032118
1142233386,https://www.liverpool.com.mx/tienda/pdp/producto/1148657277?skuid=1142233386,PATISH,Tablet Xiaomi Redmi Pad Se 11 pulgadas de 4 GB RAM,4201767,1148657277
1149440174,https://www.liverpool.com.mx/tienda/pdp/producto/1152915540?skuid=1149440174,PATISH,Xiaomi Poco M6 Pro AMOLED 6.6 pulgadas,4201750,1152915540
1129559108,https://www.liverpool.com.mx/tienda/pdp/producto/1129559108?skuid=1129559108,PATISH,Teléfono Panasonic KX-TGF870B 2 auriculares,4201042,1129559108
1137084429,https://www.liverpool.com.mx/tienda/pdp/producto/1145729382?skuid=1137084429,PATISH,Samsung samsung galaxy s21 plus 128 gb super amoled 6.7 pulgadas reacondicionado,4201806,1145729382
1152443443,https://www.liverpool.com.mx/tienda/pdp/producto/1152840493?skuid=1152443443,PATISH,Xiaomi Note 13 Nfc AMOLED 6.6 pulgadas,4201684,1152840493
1116251309,https://www.liverpool.com.mx/tienda/pdp/producto/1144320979?skuid=1116251309,PATISH,APPLE IPHONE 12 4GB 128GB VERDE REACONDICIONADO,4201848-iPhone 12 128GB Verde,1144320979
1131908241,https://www.liverpool.com.mx/tienda/pdp/producto/1148656891?skuid=1131908241,PATISH,Apple iPhone 12 oled 6.1 pulgadas desbloqueado reacondicionado,4201846-iPhone 12 128Gb Rojo,1148656891
1133089361,https://www.liverpool.com.mx/tienda/pdp/producto/1133579415?skuid=1133089361,PATISH,Consola portátil Nintendo Switch Lite 32 GB edición especial,Eliminado-32,1133579415
1129653481,https://www.liverpool.com.mx/tienda/pdp/producto/1141470996?skuid=1129653481,PATISH,Apple iPhone 12 6.1 pulgadas AMOLED Reacondicionado,4201898-iPhone 12 64GB Blanco,1141470996
1149827583,https://www.liverpool.com.mx/tienda/pdp/producto/1157374873?skuid=1149827583,PATISH,Xiaomi Poco X6 Pro AMOLED 6.6 pulgadas,4201751,1157374873
1146384877,https://www.liverpool.com.mx/tienda/pdp/producto/1156138343?skuid=1146384877,PATISH,Consola Nintendo Switch OLED de 64 GB edición bundle splatoon,4201766_4200087,1156138343
1131908250,https://www.liverpool.com.mx/tienda/pdp/producto/1149940720?skuid=1131908250,PATISH,Apple iPhone 12 oled 6.1 pulgadas desbloqueado reacondicionado,4201844_iPhone 12 128Gb Negro,1149940720
1148506970,https://www.liverpool.com.mx/tienda/pdp/producto/1148506970?skuid=1148506970,PATISH,Laptop Hp 14-fc0093dx 15.6 pulgadas Full HD AMD Ryzen 5 AMD Radeon 16 GB RAM 256 GB SSD,4201771,1148506970
1139525520,https://www.liverpool.com.mx/tienda/pdp/producto/1139682536?skuid=1139525520,PATISH,"Audífono true wireless skullcandy jib true  inalámbrica ""con (si aplica)"" no",4201956,1139682536
1149284148,https://www.liverpool.com.mx/tienda/pdp/producto/1153149531?skuid=1149284148,PATISH,Control gamepad para celular Backbone compatible con iPhone,4201680,1153149531
1144716490,https://www.liverpool.com.mx/tienda/pdp/producto/1153689683?skuid=1144716490,PATISH,Consola Nintendo Switch OLED de 64 GB edición bundle mario bros,4201722_4200087,1153689683
1129653473,https://www.liverpool.com.mx/tienda/pdp/producto/1146160324?skuid=1129653473,PATISH,Apple iPhone 12 6.1 pulgadas AMOLED Reacondicionado,4201938-iPhone 12 64GB Azul,1146160324
1143037386,https://www.liverpool.com.mx/tienda/pdp/producto/1146642442?skuid=1143037386,PATISH,Laptop gamer Lenovo 82XV002LUS 15.6 pulgadas Full HD Intel Core i5 NVIDIA GeForce RTX 3050 8 GB RAM 1 TB SSD,4201803,1146642442
1150262891,https://www.liverpool.com.mx/tienda/pdp/producto/1156030135?skuid=1150262891,PATISH,Samsung Galaxy A55 5G AMOLED 6.6 pulgadas,4201647-Azul Marino 128GB,1156030135
1150262913,https://www.liverpool.com.mx/tienda/pdp/producto/1156030143?skuid=1150262913,PATISH,Samsung Galaxy A55 5G AMOLED 6.6 pulgadas,4201646-128Gb Gris,1156030143
1135286130,https://www.liverpool.com.mx/tienda/pdp/producto/1140634472?skuid=1135286130,PATISH,Xiaomi redmi 12c lcd ips 6.7 pulgadas nuevo,4201920,1140634472
1139573028,https://www.liverpool.com.mx/tienda/pdp/producto/1139904849?skuid=1139573028,PATISH,Motorola Moto G32 LCD IPS 6.5 pulgadas,4201974,1139904849
1141833070,https://www.liverpool.com.mx/tienda/pdp/producto/1158911899?skuid=1141833070,PATISH,Apple iPhone 12 MINI 5.4 pulgadas Super Retina XDR Reacondicionado,4201601-Iphone12Mini64GbNegro,1158911899
1102061078,https://www.liverpool.com.mx/tienda/pdp/producto/1141199729?skuid=1102061078,PATISH,APPLE IPHONE 11 4GB 64GB PURPURA REACONDICIONADO,4201069,1141199729
1127306385,https://www.liverpool.com.mx/tienda/pdp/producto/1141289868?skuid=1127306385,PATISH,Apple iPhone 11 6.1 Pulgadas IPS Reacondiconado,Eliminado01,1141289868
1127306407,https://www.liverpool.com.mx/tienda/pdp/producto/1141289949?skuid=1127306407,PATISH,Apple iPhone 11 6.1 Pulgadas IPS Reacondiconado,elim01,1141289949
1127307021,https://www.liverpool.com.mx/tienda/pdp/producto/1141289957?skuid=1127307021,PATISH,Apple iPhone 11 6.1 Pulgadas IPS Reacondiconado,ELIM01,1141289957
1102061132,https://www.liverpool.com.mx/tienda/pdp/producto/1142499378?skuid=1102061132,PATISH,APPLE IPHONE 11 PRO 4GB 256GB GRIS REACONDICIONADO,4201869,1142499378
1102061167,https://www.liverpool.com.mx/tienda/pdp/producto/1141406694?skuid=1102061167,PATISH,APPLE IPHONE 11 PRO MAX 4GB 256GB GRIS REACONDICIONADO,4201884,1141406694
1135557303,https://www.liverpool.com.mx/tienda/pdp/producto/1154805113?skuid=1135557303,PATISH,Apple iPhone 13 6.1 pulgadas OLED Reacondicionado,4201815_ iphone 13 128gb Rosa,1154805113
1138958023,https://www.liverpool.com.mx/tienda/pdp/producto/1153034164?skuid=1138958023,PATISH,Apple iPhone 13 6.1 pulgadas Super Retina XDR Reacondicionado,Eliminado-7,1153034164
1150543556,https://www.liverpool.com.mx/tienda/pdp/producto/1154590702?skuid=1150543556,PATISH,Apple iPhone 13 6.1 pulgadas Super Retina XDR Reacondicionado,4201668-iPhone 13 256Gb Blanco,1154590702
1145292766,https://www.liverpool.com.mx/tienda/pdp/producto/1156801611?skuid=1145292766,PATISH,Apple iPhone 12 Mini 5.4 pulgadas Super Retina XDR Reacondicionado,Eliminado-169,1156801611
1113839798,https://www.liverpool.com.mx/tienda/pdp/producto/1152326188?skuid=1113839798,PATISH,APPLE IPHONE 12 PRO MAX 6GB 128GB GRAFITO REACONDICIONADO,4201700,1152326188
1141560294,https://www.liverpool.com.mx/tienda/pdp/producto/1141560294?skuid=1141560294,PATISH,Apple iphone 13 super retina xdr 6.1 pulgadas nuevo,Eliminado-4,1141560294
1141560251,https://www.liverpool.com.mx/tienda/pdp/producto/1141560251?skuid=1141560251,PATISH,Apple iphone 13 super retina xdr 6.1 pulgadas nuevo,Eliminado-5,1141560251
1141560260,https://www.liverpool.com.mx/tienda/pdp/producto/1141560260?skuid=1141560260,PATISH,Apple iphone 13 super retina xdr 6.1 pulgadas nuevo,Eliminado-6,1141560260
1147899731,https://www.liverpool.com.mx/tienda/pdp/producto/1147899731?skuid=1147899731,PATISH,Apple iPhone 15 Bundle 6.1 pulgadas Super Retina XDR,Eliminado-2,1147899731
1147899757,https://www.liverpool.com.mx/tienda/pdp/producto/1147899757?skuid=1147899757,PATISH,Apple iPhone 15 Bundle 6.1 pulgadas Super Retina XDR,Eliminado-3,1147899757
1151293791,https://www.liverpool.com.mx/tienda/pdp/producto/1151720524?skuid=1151293791,PATISH,Laptop gamer Lenovo 82XV0012US 15.6 pulgadas Full HD Intel Core i5 NVIDIA GeForce RTX 3050 8 GB RAM 512 GB SSD,4201714,1151720524
1150565789,https://www.liverpool.com.mx/tienda/pdp/producto/1150565789?skuid=1150565789,PATISH,Laptop Asus Q530V 15.6 pulgadas Full HD Intel Core i7 NVIDIA GeForce RTX 3050 16 GB RAM 512 GB SSD,4201731,1150565789
1141241105,https://www.liverpool.com.mx/tienda/pdp/producto/1141241105?skuid=1141241105,PATISH,Tablet Samsung Galaxy Tab S6 Lite SM-P61 10.4 pulgadas de 4 GB RAM,4202088,1141241105
1128545570,https://www.liverpool.com.mx/tienda/pdp/producto/1140738669?skuid=1128545570,PATISH,Samsung Galaxy S21 5G AMOLED 6.2 pulgadas Reacondicionado,4201933,1140738669
1128744327,https://www.liverpool.com.mx/tienda/pdp/producto/1141789658?skuid=1128744327,PATISH,Samsung Galaxy S21 5G amoled 6.2 pulgadas desbloqueado reacondicionado,4201877,1141789658
1147897924,https://www.liverpool.com.mx/tienda/pdp/producto/1147897924?skuid=1147897924,PATISH,Samsung Galaxy S21 + Dynamic AMOLED 2X 6.7 pulgadas Reacondicionado,4201774,1147897924
1144843009,https://www.liverpool.com.mx/tienda/pdp/producto/1145445759?skuid=1144843009,PATISH,Samsung a34 5g amoled 6.6 pulgadas nuevo,4201857_4201888,1145445759
1150229592,https://www.liverpool.com.mx/tienda/pdp/producto/1150229592?skuid=1150229592,PATISH,Samsung Galaxy A34 5G Super AMOLED 6.6 pulgadas,4201837_4201887,1150229592
1144844722,https://www.liverpool.com.mx/tienda/pdp/producto/1145445732?skuid=1144844722,PATISH,Samsung a34 5g amoled 6.6 pulgadas nuevo,4201858_4201888,1145445732
1150652967,https://www.liverpool.com.mx/tienda/pdp/producto/1151721890?skuid=1150652967,PATISH,Samsung samsung galaxy s20+ 5g dynamic amoled 2x 6.7 pulgadas reacondicionado,4201718,1151721890
1134919627,https://www.liverpool.com.mx/tienda/pdp/producto/1136813281?skuid=1134919627,PATISH,Poco X5 5G AMOLED 6.6 pulgadas desbloqueado,4201989,1136813281
1139524671,https://www.liverpool.com.mx/tienda/pdp/producto/1139524671?skuid=1139524671,PATISH,Xiaomi Poco M5 LCD IPS 6.5 pulgadas,4201948,1139524671
1139764818,https://www.liverpool.com.mx/tienda/pdp/producto/1154590982?skuid=1139764818,PATISH,Xiaomi xiaomi redmi 12 lcd ips 6.7 pulgadas nuevo,4201756,1154590982
1137866036,https://www.liverpool.com.mx/tienda/pdp/producto/1138500086?skuid=1137866036,PATISH,Xiaomi Redmi Note 12S AMOLED 6.4 pulgadas,Eliminado-43,1138500086
1141766178,https://www.liverpool.com.mx/tienda/pdp/producto/1146326711?skuid=1141766178,PATISH,Xiaomi xiaomi 13t amoled 6.4 pulgadas nuevo,4201808,1146326711
1147755771,https://www.liverpool.com.mx/tienda/pdp/producto/1147755771?skuid=1147755771,PATISH,Xiaomi Poco C65 LCD IPS 6.7 pulgadas,4201779,1147755771
1113606858,https://www.liverpool.com.mx/tienda/pdp/producto/1125235936?skuid=1113606858,PATISH,Xiaomi Redmi Note 10S AMOLED 6.4 pulgadas,4201035,1125235936
1115584789,https://www.liverpool.com.mx/tienda/pdp/producto/1129651845?skuid=1115584789,PATISH,XIAOMI REDMI NOTE 10S 6GB 128GB GRIS,4202066,1129651845
1149920231,https://www.liverpool.com.mx/tienda/pdp/producto/1152489478?skuid=1149920231,PATISH,Xiaomi Redmi Note 13 AMOLED 6.6 pulgadas,4201687,1152489478
1125700221,https://www.liverpool.com.mx/tienda/pdp/producto/1140735341?skuid=1125700221,PATISH,Motorola Moto E32 IPS 6.5 pulgadas,4201928,1140735341
1132362366,https://www.liverpool.com.mx/tienda/pdp/producto/1134678883?skuid=1132362366,PATISH,Motorola Motorola Moto G32 LCD 6.5 pulgadas,4200015,1134678883
1152581935,https://www.liverpool.com.mx/tienda/pdp/producto/1153011881?skuid=1152581935,PATISH,Motorola moto g71 5g oled 6.4 pulgadas nuevo,4201033_4200087,1153011881
1151755140,https://www.liverpool.com.mx/tienda/pdp/producto/1152161464?skuid=1151755140,PATISH,Motorola motorola razr 40 ultra amoled 6.9 pulgadas nuevo,4201705,1152161464
1136610372,https://www.liverpool.com.mx/tienda/pdp/producto/1136610372?skuid=1136610372,PATISH,Audífonos True Wireless Skullcandy Indy Anc inalámbricos con cancelación de ruido,4200026,1136610372
1139525538,https://www.liverpool.com.mx/tienda/pdp/producto/1139682498?skuid=1139525538,PATISH,"Audífono true wireless skullcandy jib true  inalámbrica ""con (si aplica)"" no",4201954,1139682498
1148315112,https://www.liverpool.com.mx/tienda/pdp/producto/1148315112?skuid=1148315112,PATISH,Consola PS5 de 1 TB edición bundle spider-man,4201769_4200087,1148315112
1132800444,https://www.liverpool.com.mx/tienda/pdp/producto/1133572399?skuid=1132800444,PATISH,Apple MacBook Air 14 pulgadas M2 8 GB RAM 256 GB SSD,Eliminado-16,1133572399
1139581144,https://www.liverpool.com.mx/tienda/pdp/producto/1139581144?skuid=1139581144,PATISH,Apple MacBook Air 13.6 pulgadas M2 8 GB RAM 256 GB SSD,Eliminado-17,1139581144
1150656105,https://www.liverpool.com.mx/tienda/pdp/producto/1150656105?skuid=1150656105,PATISH,Smartwatch Samsung Galaxy Watch 5 reacondicionado,4201592,1150656105
1150656091,https://www.liverpool.com.mx/tienda/pdp/producto/1151043956?skuid=1150656091,PATISH,Smartwatch Samsung Galaxy Watch 3 45mm unisex con GPS Reacondicionado,4201725,1151043956
1144302237,https://www.liverpool.com.mx/tienda/pdp/producto/1144302237?skuid=1144302237,PATISH,Funda para Galaxy A34 5G Clear Case de silicón,4201888,1144302237
1142911988,https://www.liverpool.com.mx/tienda/pdp/producto/1142911988?skuid=1142911988,PATISH,Memoria micro sd Generica capacidad 256 gb,Eliminado-8,1142911988
1097865759,https://www.liverpool.com.mx/tienda/pdp/producto/1097865759?skuid=1097865759,PATISH,Telefono Inalambrico Panasonic  KX-TGD392-C 2 Extensiones Black ( Reacondicionado Certificado ),4203003,1097865759
1129560220,https://www.liverpool.com.mx/tienda/pdp/producto/1129560220?skuid=1129560220,PATISH,Teléfono Panasonic KX-TGM490C,4201612,1129560220
1148510551,https://www.liverpool.com.mx/tienda/pdp/producto/1148510551?skuid=1148510551,PATISH,Set de teléfonos Panasonic KX-TGC253CB 3 auriculares,4202296,1148510551
1129559116,https://www.liverpool.com.mx/tienda/pdp/producto/1129559116?skuid=1129559116,PATISH,Teléfono Panasonic KX-TGD393CB 3 auriculares,4201050,1129559116
1154445206,https://www.liverpool.com.mx/tienda/pdp/producto/1154654816?skuid=1154445206,PATISH,Teléfono Panasonic inalámbrico KX-TGD394C 4 auriculares,4202295,1154654816
1154266751,https://www.liverpool.com.mx/tienda/pdp/producto/1155032070?skuid=1154266751,PATISH,Set de teléfonos Panasonic KX-TGF872B 3 auriculares,4201041,1155032070
1154445192,https://www.liverpool.com.mx/tienda/pdp/producto/1154445192?skuid=1154445192,PATISH,Set de teléfonos Panasonic inalámbrico KX-TG133C 4 auriculares,4201692,1154445192
1154541736,https://www.liverpool.com.mx/tienda/pdp/producto/1154541736?skuid=1154541736,PATISH,Set de teléfonos Panasonic KX-TGC222CB 2 auriculares,4201055,1154541736
1140385464,https://www.liverpool.com.mx/tienda/pdp/producto/1140385464?skuid=1140385464,PATISH,Bocina portátil harman/kardon onyx studio 7 inalámbrica,4201966_4200024,1140385464
1102061493,https://www.liverpool.com.mx/tienda/pdp/producto/1132486626?skuid=1102061493,PATISH,APPLE IPHONE 11 PRO 4GB 64GB GRIS REACONDICIONADO,4200086,1132486626
1134297898,https://www.liverpool.com.mx/tienda/pdp/producto/1134485813?skuid=1134297898,PATISH,Apple MacBook Air 14 pulgadas M2 8 GB RAM 256 GB SSD,Eliminado-19,1134485813
1086969650,https://www.liverpool.com.mx/tienda/pdp/producto/1127756526?skuid=1086969650,PATISH,Consola Portátil Nintendo Switch Lite 32 GB,4201089-Turquesa,1127756526
1106007434,https://www.liverpool.com.mx/tienda/pdp/producto/1153324511?skuid=1106007434,PATISH,Consola pórtatil Nintendo Switch de 32 GB edición Stand alone,4201091-Azul,1153324511
1129961194,https://www.liverpool.com.mx/tienda/pdp/producto/1148657013?skuid=1129961194,PATISH,Apple iPhone 13 6.1 pulgadas Super Retina XDR Reacondicionado,4201811-Iphone13128GbVerde,1148657013
1158253433,https://www.liverpool.com.mx/tienda/pdp/producto/1159025795?skuid=1158253433,PATISH,Apple iPhone 15 6.1 pulgadas Super Retina XDR Reacondicionado,Eliminado-1,1159025795
1148768966,https://www.liverpool.com.mx/tienda/pdp/producto/1159025876?skuid=1148768966,PATISH,Samsung galaxy a25 super amoled 6.5 pulgadas nuevo,4201615,1159025876
1143976218,https://www.liverpool.com.mx/tienda/pdp/producto/1159026465?skuid=1143976218,PATISH,Samsung Galaxy S23 Fe Dynamic AMOLED 2X 6.4 pulgadas,Eliminado-12,1159026465
1158510312,https://www.liverpool.com.mx/tienda/pdp/producto/1158510312?skuid=1158510312,PATISH,Motorola Moto G14 LCD IPS 6.5 pulgadas,4201606,1158510312
1097040776,https://www.liverpool.com.mx/tienda/pdp/producto/1097059370?skuid=1097040776,PATISH,Telefono Inalambrico Panasonic  KX-TGF352-C 2 Extensiones Monitor de Bebe Black ( Reacondicionado Certificado ),4202278,1097059370
1159082969,https://www.liverpool.com.mx/tienda/pdp/producto/1159082969?skuid=1159082969,PATISH,Motorola Motorola Edge 30 AMOLED 6.5 pulgadas,4201703_4200087,1159082969
1159082985,https://www.liverpool.com.mx/tienda/pdp/producto/1159082985?skuid=1159082985,PATISH,Motorola Edge 40 Neo POLED 6.5 pulgadas,4201603_4200087,1159082985
1159082993,https://www.liverpool.com.mx/tienda/pdp/producto/1159082993?skuid=1159082993,PATISH,Motorola Edge 40 Neo POLED 6.5 pulgadas,Eliminado-56,1159082993
1159082977,https://www.liverpool.com.mx/tienda/pdp/producto/1159082977?skuid=1159082977,PATISH,Motorola Edge 40 Neo POLED 6.5 pulgadas,4201602_4200087,1159082977
1159083001,https://www.liverpool.com.mx/tienda/pdp/producto/1159083001?skuid=1159083001,PATISH,Motorola Moto Razr 40 AMOLED 6.9 pulgadas,4201619_4200087,1159083001
1159079593,https://www.liverpool.com.mx/tienda/pdp/producto/1159358514?skuid=1159079593,PATISH,Laptop Asus X1404Z 14 pulgadas Full HD Intel Core i3 Intel Iris XE 8 GB RAM 128 GB SSD,4201623,1159358514
1133617031,https://www.liverpool.com.mx/tienda/pdp/producto/1138011956?skuid=1133617031,PATISH,Motorola Moto G62 5G LCD IPS 6.5 pulgadas,4201971-,1138011956
1159414830,https://www.liverpool.com.mx/tienda/pdp/producto/1159744490?skuid=1159414830,PATISH,Apple iphone 12 mini oled 5.4 pulgadas reacondicionado,4201600-Iphone12Mini64GbAzul,1159744490
1159414848,https://www.liverpool.com.mx/tienda/pdp/producto/1159744503?skuid=1159414848,PATISH,Apple iphone 12 mini oled 5.4 pulgadas reacondicionado,4201597-Iphone12Mini64GbRojo,1159744503
1159414864,https://www.liverpool.com.mx/tienda/pdp/producto/1159744511?skuid=1159414864,PATISH,Apple iphone 12 mini oled 5.4 pulgadas reacondicionado,4201598,1159744511
1159414856,https://www.liverpool.com.mx/tienda/pdp/producto/1159744520?skuid=1159414856,PATISH,Apple iphone 12 mini oled 5.4 pulgadas reacondicionado,4201629,1159744520
1159405903,https://www.liverpool.com.mx/tienda/pdp/producto/1159744538?skuid=1159405903,PATISH,Apple iPhone 11 6.1 pulgadas Retina Reacondicionado,4201070,1159744538
1156790024,https://www.liverpool.com.mx/tienda/pdp/producto/1159843951?skuid=1156790024,PATISH,Xiaomi redmi note 13 amoled 6.6 pulgadas nuevo,4201739,1159843951
1149983267,https://www.liverpool.com.mx/tienda/pdp/producto/1159843960?skuid=1149983267,PATISH,Xiaomi Redmi Note 13 AMOLED 6.6 pulgadas,4201741-,1159843960
1149922501,https://www.liverpool.com.mx/tienda/pdp/producto/1159843978?skuid=1149922501,PATISH,Xiaomi Redmi Note 13 Pro AMOLED 6.6 pulgadas,4201735-,1159843978
1159424011,https://www.liverpool.com.mx/tienda/pdp/producto/1159424011?skuid=1159424011,PATISH,Set de teléfonos Panasonic KX-TG153C 3 auriculares,4201613,1159424011
1159424720,https://www.liverpool.com.mx/tienda/pdp/producto/1159424720?skuid=1159424720,PATISH,Set de teléfonos Panasonic KX-TGF342CB 2 auriculares,4201819,1159424720
1129961216,https://www.liverpool.com.mx/tienda/pdp/producto/1148657234?skuid=1129961216,PATISH,Apple iPhone 13 6.1 pulgadas Super Retina XDR Reacondicionado,4201816-iPhone 13 128GB Rojo,1148657234
1142203321,https://www.liverpool.com.mx/tienda/pdp/producto/1159978253?skuid=1142203321,PATISH,Consola Xbox Series X de 1 TB edición estándar,Eliminado-40,1159978253
1159717484,https://www.liverpool.com.mx/tienda/pdp/producto/1159717484?skuid=1159717484,PATISH,Smartwatch Samsung Watch 5 reacondicionado,4201594,1159717484
1159717506,https://www.liverpool.com.mx/tienda/pdp/producto/1159717506?skuid=1159717506,PATISH,Smartwatch Samsung Watch 5 reacondicionado,4201593-Dorado 40mm,1159717506
1159717514,https://www.liverpool.com.mx/tienda/pdp/producto/1159717514?skuid=1159717514,PATISH,Smartwatch Samsung Watch 5 reacondicionado,4201590,1159717514
1159717492,https://www.liverpool.com.mx/tienda/pdp/producto/1159717492?skuid=1159717492,PATISH,Smartwatch Samsung Watch 5 reacondicionado,4201591,1159717492
1160013121,https://www.liverpool.com.mx/tienda/pdp/producto/1160013121?skuid=1160013121,PATISH,Samsung S23 Fe AMOLED 6.4 pulgadas,4201650_4200087,1160013121
1160013709,https://www.liverpool.com.mx/tienda/pdp/producto/1160013709?skuid=1160013709,PATISH,Apple MacBook 13.3 pulgadas M1 8 GB RAM 256 GB SSD,4202134_4200022,1160013709
1160014527,https://www.liverpool.com.mx/tienda/pdp/producto/1160014527?skuid=1160014527,PATISH,Apple MacBook 13.3 pulgadas M1 8 GB RAM 256 GB SSD,4202147_4200022,1160014527
1160013717,https://www.liverpool.com.mx/tienda/pdp/producto/1160013717?skuid=1160013717,PATISH,Apple MacBook 13.3 pulgadas M1 8 GB RAM 256 GB SSD,4202146_4200022,1160013717
1160013075,https://www.liverpool.com.mx/tienda/pdp/producto/1160013075?skuid=1160013075,PATISH,"Laptop apple macbook air m2 teclado en ingles 13.3 pulgadas wqxga apple m2 integradas 8 gb ""ram"" no tiene 256 gb ssd",4200980--,1160013075
1149354260,https://www.liverpool.com.mx/tienda/pdp/producto/1160350675?skuid=1149354260,PATISH,Motorola Moto G84 POLED 6.5 pulgadas,4201656,1160350675
1150262905,https://www.liverpool.com.mx/tienda/pdp/producto/1160599851?skuid=1150262905,PATISH,Samsung Galaxy A55 5G AMOLED 6.6 pulgadas,Eliminado-28,1160599851
1150263421,https://www.liverpool.com.mx/tienda/pdp/producto/1160599860?skuid=1150263421,PATISH,Samsung Galaxy A55 5G AMOLED 6.6 pulgadas,Eliminado-26,1160599860
1150263448,https://www.liverpool.com.mx/tienda/pdp/producto/1160599878?skuid=1150263448,PATISH,Samsung Galaxy A55 5G AMOLED 6.6 pulgadas,Eliminado-27,1160599878
1158094670,https://www.liverpool.com.mx/tienda/pdp/producto/1160591516?skuid=1158094670,PATISH,Motorola G54 5g Esim LCD IPS 6.5 pulgadas,4201580,1160591516
1158094661,https://www.liverpool.com.mx/tienda/pdp/producto/1160599959?skuid=1158094661,PATISH,Motorola G54 5g Esim LCD IPS 6.5 pulgadas,4201581,1160599959
1160280120,https://www.liverpool.com.mx/tienda/pdp/producto/1160280120?skuid=1160280120,PATISH,Laptop gamer Hp 15-FA0033DX 15.6 pulgadas Full HD Intel Core i5 NVIDIA GeForce RTX 3050 8 GB RAM 512 GB SSD,4201586,1160280120
1160437053,https://www.liverpool.com.mx/tienda/pdp/producto/1160437053?skuid=1160437053,PATISH,Bocina portátil Harman Kardon Harman Kardon Onyx 7 inalámbrica,4201587_4200022,1160437053
1160331557,https://www.liverpool.com.mx/tienda/pdp/producto/1160331557?skuid=1160331557,PATISH,Motorola Edge 50 Fusion POLED 6.7 pulgadas,4201595,1160331557
1146094615,https://www.liverpool.com.mx/tienda/pdp/producto/1160819894?skuid=1146094615,PATISH,Xiaomi Redmi Note 12S AMOLED 6.4 pulgadas,Eliminado-42,1160819894
1149354278,https://www.liverpool.com.mx/tienda/pdp/producto/1160817611?skuid=1149354278,PATISH,Motorola Moto G84 POLED 6.5 pulgadas,4201657,1160817611
1150935411,https://www.liverpool.com.mx/tienda/pdp/producto/1160951229?skuid=1150935411,PATISH,Samsung Galaxy A05 LCD IPS 6.7 pulgadas,Eliminado-37,1160951229
1139770524,https://www.liverpool.com.mx/tienda/pdp/producto/1161188774?skuid=1139770524,PATISH,Xiaomi Redmi 12 LCD IPS 6.7 pulgadas,4201755,1161188774
1110191347,https://www.liverpool.com.mx/tienda/pdp/producto/1161293047?skuid=1110191347,PATISH,Smartwatch Samsung Watch 4 46 mm para hombre,4201569,1161293047
1160789910,https://www.liverpool.com.mx/tienda/pdp/producto/1160789910?skuid=1160789910,PATISH,Laptop Hp 14-DQ0760DX 14 pulgadas HD Intel Celeron Intel UHD 4 GB RAM,4201582,1160789910
1160801537,https://www.liverpool.com.mx/tienda/pdp/producto/1160801537?skuid=1160801537,PATISH,Tablet Xiaomi Pad 6 11 pulgadas de 6 GB RAM,4201577,1160801537
1160790250,https://www.liverpool.com.mx/tienda/pdp/producto/1160790250?skuid=1160790250,PATISH,Samsung Galaxy A55 Dual Sim 5G AMOLED 6.6 pulgadas,4201645,1160790250
1160788115,https://www.liverpool.com.mx/tienda/pdp/producto/1160788115?skuid=1160788115,PATISH,Samsung Galaxy A55 Dual Sim 5G AMOLED 6.6 pulgadas,4201644,1160788115
1160790225,https://www.liverpool.com.mx/tienda/pdp/producto/1160790225?skuid=1160790225,PATISH,Samsung Galaxy A55 Dual Sim 5G AMOLED 6.6 pulgadas,4201640,1160790225
1160816071,https://www.liverpool.com.mx/tienda/pdp/producto/1160816071?skuid=1160816071,PATISH,Samsung s23 fe dynamic amoled 2x 6.4 pulgadas nuevo,4201653_4200087,1160816071
1160816089,https://www.liverpool.com.mx/tienda/pdp/producto/1160816089?skuid=1160816089,PATISH,Samsung s23 fe dynamic amoled 2x 6.4 pulgadas nuevo,Eliminado220,1160816089
1160790268,https://www.liverpool.com.mx/tienda/pdp/producto/1160790268?skuid=1160790268,PATISH,Samsung Galaxy A55 Dual Sim 5G AMOLED 6.6 pulgadas,4201647/4201646-Azul Marino 128GB,1160790268
1160789189,https://www.liverpool.com.mx/tienda/pdp/producto/1160789189?skuid=1160789189,PATISH,Samsung Galaxy A55 Dual Sim 5G AMOLED 6.6 pulgadas,4201641,1160789189
1160790241,https://www.liverpool.com.mx/tienda/pdp/producto/1160790241?skuid=1160790241,PATISH,Samsung Galaxy A55 Dual Sim 5G AMOLED 6.6 pulgadas,4201643,1160790241
1160790233,https://www.liverpool.com.mx/tienda/pdp/producto/1160790233?skuid=1160790233,PATISH,Samsung Galaxy A55 Dual Sim 5G AMOLED 6.6 pulgadas,4201642,1160790233
1160975918,https://www.liverpool.com.mx/tienda/pdp/producto/1160975918?skuid=1160975918,PATISH,Motorola Moto G34 5G LCD IPS 6.5 pulgadas,4201583,1160975918
1161017732,https://www.liverpool.com.mx/tienda/pdp/producto/1161017732?skuid=1161017732,PATISH,Motorola Moto G73 5G LCD IPS 6.5 pulgadas,4201707_4200087,1161017732
1161017759,https://www.liverpool.com.mx/tienda/pdp/producto/1161017759?skuid=1161017759,PATISH,Motorola Moto G31 AMOLED 6.4 pulgadas,4201935_4200087,1161017759
1161020741,https://www.liverpool.com.mx/tienda/pdp/producto/1161020741?skuid=1161020741,PATISH,Smartwatch Samsung Watch 5 Pro reacondicionado,4201589-Negro 45mm,1161020741
1161020733,https://www.liverpool.com.mx/tienda/pdp/producto/1161020733?skuid=1161020733,PATISH,Smartwatch Samsung Watch 5 Pro reacondicionado,4201588,1161020733
1161090197,https://www.liverpool.com.mx/tienda/pdp/producto/1161090197?skuid=1161090197,PATISH,Xiaomi Redmi 13 Nfc LCD IPS 6.7 pulgadas,4201575,1161090197
1161069538,https://www.liverpool.com.mx/tienda/pdp/producto/1161069538?skuid=1161069538,PATISH,Xiaomi Redmi 13 Nfc LCD IPS 6.7 pulgadas,4201576,1161069538
1161089482,https://www.liverpool.com.mx/tienda/pdp/producto/1161089482?skuid=1161089482,PATISH,Motorola G54 12/256 5g LCD IPS 6.5 pulgadas,4201578,1161089482
1161089491,https://www.liverpool.com.mx/tienda/pdp/producto/1161089491?skuid=1161089491,PATISH,Motorola G54 12/256 5g LCD IPS 6.5 pulgadas,4201579,1161089491
1161172169,https://www.liverpool.com.mx/tienda/pdp/producto/1161172169?skuid=1161172169,PATISH,"""consola portátil"" nintendo bundle nintendo switch lite nintendo switch lite 32 gb ""edición"" especial sin temática nintendo switch lite",4201089_4200087,1161172169
1161172185,https://www.liverpool.com.mx/tienda/pdp/producto/1161172185?skuid=1161172185,PATISH,"""consola portátil"" nintendo bundle nintendo switch lite nintendo switch lite 32 gb ""edición"" especial sin temática nintendo switch lite",4201975_4200087,1161172185
1161172193,https://www.liverpool.com.mx/tienda/pdp/producto/1161172193?skuid=1161172193,PATISH,Consola portátil Nintendo Switch Lite 32 GB edición especial,4201976_4200087Gris,1161172193
1161172177,https://www.liverpool.com.mx/tienda/pdp/producto/1161172177?skuid=1161172177,PATISH,"""consola portátil"" nintendo bundle nintendo switch lite nintendo switch lite 32 gb ""edición"" especial sin temática nintendo switch lite",4201090_4200087,1161172177
1161172207,https://www.liverpool.com.mx/tienda/pdp/producto/1161172207?skuid=1161172207,PATISH,Consola portátil Nintendo Switch Lite 32 GB edición especial,4201091_4200087Azul,1161172207
1161175001,https://www.liverpool.com.mx/tienda/pdp/producto/1161175001?skuid=1161175001,PATISH,Laptop Evolve 11.6 pulgadas HD Intel Celeron 4 GB RAM 64 GB SSD,4202128_4200087,1161175001
1161090189,https://www.liverpool.com.mx/tienda/pdp/producto/1161090189?skuid=1161090189,PATISH,Apple iPhone 13 6.1 pulgadas Super Retina XDR Reacondicionado,4201648iPhone 13 256GB Verde,1161090189
1149827605,https://www.liverpool.com.mx/tienda/pdp/producto/1161724056?skuid=1149827605,PATISH,Xiaomi Poco X6 Pro AMOLED 6.6 pulgadas,4201752,1161724056
1161481421,https://www.liverpool.com.mx/tienda/pdp/producto/1161804475?skuid=1161481421,PATISH,Bocina portátil Jbl JBL Charge Essential 2 inalámbrica,4201574,1161804475
1161547847,https://www.liverpool.com.mx/tienda/pdp/producto/1161547847?skuid=1161547847,PATISH,Xiaomi xiaomi note 13 pro 5g amoled 6.6 pulgadas nuevo,4201572,1161547847
1161547855,https://www.liverpool.com.mx/tienda/pdp/producto/1161547855?skuid=1161547855,PATISH,Xiaomi xiaomi note 13 pro 5g amoled 6.6 pulgadas nuevo,4201573,1161547855
1161554410,https://www.liverpool.com.mx/tienda/pdp/producto/1161554410?skuid=1161554410,PATISH,Samsung Galaxy A35 5G 8/128 Super AMOLED 6.6 pulgadas,4201571_4200087,1161554410
1161697610,https://www.liverpool.com.mx/tienda/pdp/producto/1162051179?skuid=1161697610,PATISH,Apple iPhone 12 6.1 pulgadas Super Retina XDR Reacondicionado,4201565-Iphone 12 64Gb Blanco,1162051179
1100132318,https://www.liverpool.com.mx/tienda/pdp/producto/1162123510?skuid=1100132318,PATISH,Consola fija xbox one series x de 1 tb Microsoft,Eliminado160,1162123510
1131694594,https://www.liverpool.com.mx/tienda/pdp/producto/1162117871?skuid=1131694594,PATISH,Bocina portátil Jbl JBLCHARGEES2AM inalámbrica,4201574_1,1162117871
1161881054,https://www.liverpool.com.mx/tienda/pdp/producto/1161881054?skuid=1161881054,PATISH,Apple Apple Watch SE 2da 44 mm,4201415-Negro 44mm,1161881054
1161881062,https://www.liverpool.com.mx/tienda/pdp/producto/1161881062?skuid=1161881062,PATISH,Smartwatch Apple SE 2da Generación reacondicionado,MRHA3LL/A_Reacondicionado,1161881062
1161881071,https://www.liverpool.com.mx/tienda/pdp/producto/1161881071?skuid=1161881071,PATISH,Smartwatch Apple SE 2da Generación reacondicionado,MREA3LL/A_Reacondicionado,1161881071
1161884894,https://www.liverpool.com.mx/tienda/pdp/producto/1161884894?skuid=1161884894,PATISH,Smartwatch Apple SE 2da Generación reacondicionado,4201421-Negro 40mm,1161884894
1161884908,https://www.liverpool.com.mx/tienda/pdp/producto/1161884908?skuid=1161884908,PATISH,Smartwatch Apple SE 2da Generación reacondicionado,MRE03LL/A_Reacondicionado,1161884908
1161884916,https://www.liverpool.com.mx/tienda/pdp/producto/1161884916?skuid=1161884916,PATISH,Smartwatch Apple SE 2da Generación reacondicionado,4201420,1161884916
1161885921,https://www.liverpool.com.mx/tienda/pdp/producto/1161885921?skuid=1161885921,PATISH,Apple Apple Watch SE 2da 40 mm,MR9X3LL/A_Reacondicionado,1161885921
1161886188,https://www.liverpool.com.mx/tienda/pdp/producto/1161886188?skuid=1161886188,PATISH,Smartwatch Apple SE 2da Generación reacondicionado,MNT93LL/A_Reacondicionado,1161886188
1161886196,https://www.liverpool.com.mx/tienda/pdp/producto/1161886196?skuid=1161886196,PATISH,Smartwatch Apple SE 2da Generación reacondicionado,4201425-Plata 40mm,1161886196
1161886200,https://www.liverpool.com.mx/tienda/pdp/producto/1161886200?skuid=1161886200,PATISH,Smartwatch Apple SE 2da Generación reacondicionado,4201423,1161886200
1161886218,https://www.liverpool.com.mx/tienda/pdp/producto/1161886218?skuid=1161886218,PATISH,Smartwatch Apple SE 2da Generación reacondicionado,MR9W3LL/A_Reacondicionado,1161886218
1161887923,https://www.liverpool.com.mx/tienda/pdp/producto/1161887923?skuid=1161887923,PATISH,Smartwatch Apple SE 2da Generación reacondicionado,MRG33LL/A_Reacondicionado,1161887923
1161972645,https://www.liverpool.com.mx/tienda/pdp/producto/1161972645?skuid=1161972645,PATISH,Motorola Edge 40 Neo 12/256 POLED 6.5 pulgadas,4201596_4200087,1161972645
1161957522,https://www.liverpool.com.mx/tienda/pdp/producto/1161957522?skuid=1161957522,PATISH,Consola Xbox Series X de 1 TB edición bundle,4201617_4200087,1161957522
1161895586,https://www.liverpool.com.mx/tienda/pdp/producto/1162207764?skuid=1161895586,PATISH,"Audífono true wireless beats power beats pro inalámbrica ""con (si aplica)"" no",4201551,1162207764
1161895594,https://www.liverpool.com.mx/tienda/pdp/producto/1162207772?skuid=1161895594,PATISH,"Audífono true wireless beats power beats pro inalámbrica ""con (si aplica)"" no",4201365,1162207772
1161957620,https://www.liverpool.com.mx/tienda/pdp/producto/1162206326?skuid=1161957620,PATISH,Xiaomi Note 12S 8/256 AMOLED 6.4 pulgadas,4201929,1162206326
1161957638,https://www.liverpool.com.mx/tienda/pdp/producto/1162206334?skuid=1161957638,PATISH,Xiaomi Note 12S 8/256 AMOLED 6.4 pulgadas,4201930,1162206334
1161955813,https://www.liverpool.com.mx/tienda/pdp/producto/1162206342?skuid=1161955813,PATISH,Xiaomi Note 12S 8/256 AMOLED 6.4 pulgadas,4201986,1162206342
1160733868,https://www.liverpool.com.mx/tienda/pdp/producto/1160733868?skuid=1160733868,PATISH,Samsung S24 Ultra Single Sim AMOLED 6.8 pulgadas,4201610---SamsungGalaxyS24Ultra12/256GbGris,1160733868
1160648607,https://www.liverpool.com.mx/tienda/pdp/producto/1162549045?skuid=1160648607,PATISH,Audífonos Over-Ear Skullcandy Crusher Anc 2 alámbricos e inalámbricos con cancelación de ruido,4201539-Crusher 2,1162549045
1134234993,https://www.liverpool.com.mx/tienda/pdp/producto/1162549070?skuid=1134234993,PATISH,Laptop Asus E410 14 pulgadas Full HD Intel Celeron Intel UHD 600 4 GB RAM,4201538,1162549070
1162300721,https://www.liverpool.com.mx/tienda/pdp/producto/1162582905?skuid=1162300721,PATISH,Apple iPhone 14 6.1 pulgadas Super Retina XDR Reacondicionado,Eliminado103,1162582905
1161331127,https://www.liverpool.com.mx/tienda/pdp/producto/1162742406?skuid=1161331127,PATISH,Laptop gamer Hp 15-FB2082WM 15.6 pulgadas Full HD AMD Ryzen 5 NVIDIA GeForce RTX 4050 8 GB RAM 512 GB SSD,4201537,1162742406
1162454877,https://www.liverpool.com.mx/tienda/pdp/producto/1162454877?skuid=1162454877,PATISH,Samsung Galaxy S23 Ultra 12/512 Dynamic AMOLED 2X 6.8 pulgadas,4201545_4200022,1162454877
1162454851,https://www.liverpool.com.mx/tienda/pdp/producto/1162454851?skuid=1162454851,PATISH,Samsung galaxy s23 ultra 12/512 dynamic amoled 2x 6.8 pulgadas nuevo,4201543_4200022,1162454851
1162454869,https://www.liverpool.com.mx/tienda/pdp/producto/1162454869?skuid=1162454869,PATISH,Samsung galaxy s23 ultra 12/512 dynamic amoled 2x 6.8 pulgadas nuevo,4201544_4200022,1162454869
1162454885,https://www.liverpool.com.mx/tienda/pdp/producto/1162454885?skuid=1162454885,PATISH,Samsung galaxy s23 ultra 12/512 dynamic amoled 2x 6.8 pulgadas nuevo,4201542_4200022,1162454885
1091746367,https://www.liverpool.com.mx/tienda/pdp/producto/1162948772?skuid=1091746367,PATISH,Audífonos On-Ear Beats Inalámbricos Solo3,4201536,1162948772
1162632911,https://www.liverpool.com.mx/tienda/pdp/producto/1162632911?skuid=1162632911,PATISH,"Audífono over-ear beats beats solo 4 alámbrica e inalámbrica ""con (si aplica)"" no",4201431_Reacondicionado,1162632911
1162633623,https://www.liverpool.com.mx/tienda/pdp/producto/1162633623?skuid=1162633623,PATISH,"Audífono over-ear beats beats solo 4 alámbrica e inalámbrica ""con (si aplica)"" no",4201432/4201553-Solo4 Negro,1162633623
1162632902,https://www.liverpool.com.mx/tienda/pdp/producto/1162632902?skuid=1162632902,PATISH,Audífonos Over-Ear Beats Studio Pro alámbricos/inalámbricos con cancelación de ruido reacondicionado,4201547_Reacondicionado,1162632902
1162632881,https://www.liverpool.com.mx/tienda/pdp/producto/1162632881?skuid=1162632881,PATISH,Audífonos Over-Ear Beats Studio Pro alámbricos/inalámbricos con cancelación de ruido reacondicionado,4201548_Reacondicionado,1162632881
1150935403,https://www.liverpool.com.mx/tienda/pdp/producto/1163372921?skuid=1150935403,PATISH,Samsung galaxy a05 lcd ips 6.7 pulgadas nuevo,4201585,1163372921
1158245392,https://www.liverpool.com.mx/tienda/pdp/producto/1163372939?skuid=1158245392,PATISH,Apple iPhone 14 6.1 pulgadas Super Retina XDR Reacondicionado,Eliminado100,1163372939
1158245406,https://www.liverpool.com.mx/tienda/pdp/producto/1165836339?skuid=1158245406,PATISH,Apple iPhone 14 6.1 pulgadas Super Retina XDR Reacondicionado,4201412/4201535-iPhone 14 128Gb  Morado,1165836339
1131908233,https://www.liverpool.com.mx/tienda/pdp/producto/1163372955?skuid=1131908233,PATISH,Apple iPhone 12 6.1 pulgadas OLED Reacondicionado,4201847-iphone 12 128Gb Morado,1163372955
1131905617,https://www.liverpool.com.mx/tienda/pdp/producto/1148656904?skuid=1131905617,PATISH,Apple iPhone 12 oled 6.1 pulgadas desbloqueado reacondicionado,4201845-iPhone 12 128gb Azul,1148656904
1131908225,https://www.liverpool.com.mx/tienda/pdp/producto/1163632876?skuid=1131908225,PATISH,Apple iPhone 12 6.1 pulgadas OLED Reacondicionado,4201565_,1163632876
1118871631,https://www.liverpool.com.mx/tienda/pdp/producto/1163627180?skuid=1118871631,PATISH,Apple iPhone 12 MINI 5.4 pulgadas Super Retina XDR Reacondicionado,4201631-Iphone12Mini128GbAzul,1163627180
1158961233,https://www.liverpool.com.mx/tienda/pdp/producto/1163627198?skuid=1158961233,PATISH,Apple iPhone 15 6.7 pulgadas Super Retina XDR,4201777_,1163627198
1163318381,https://www.liverpool.com.mx/tienda/pdp/producto/1163635859?skuid=1163318381,PATISH,Audífonos True Wireless Beats Beats Studio Buds + inalámbricos con cancelación de ruido reacondicionado,4201532,1163635859
1129653503,https://www.liverpool.com.mx/tienda/pdp/producto/1164583810?skuid=1129653503,PATISH,Apple iPhone 12 6.1 pulgadas AMOLED Reacondicionado,4201937-iPhone 12 64GB Negro,1164583810
1137500007,https://www.liverpool.com.mx/tienda/pdp/producto/1164579791?skuid=1137500007,PATISH,Apple iPhone 12 6.1 pulgadas OLED Reacondicionado,4201936-iPhone 12 64GB Morado,1164579791
1146391776,https://www.liverpool.com.mx/tienda/pdp/producto/1164790106?skuid=1146391776,PATISH,Consola fija ps5 de 1 tb edición estándar Playstation,Eliminado140,1164790106
1164373793,https://www.liverpool.com.mx/tienda/pdp/producto/1164373793?skuid=1164373793,PATISH,Smartwatch Samsung Galaxy Watch 5 reacondicionado,4201516,1164373793
1164374854,https://www.liverpool.com.mx/tienda/pdp/producto/1164374854?skuid=1164374854,PATISH,Smartwatch Samsung Galaxy Watch LTE reacondicionado,4201521,1164374854
1164373807,https://www.liverpool.com.mx/tienda/pdp/producto/1164939681?skuid=1164373807,PATISH,Smartwatch Samsung Galaxy Watch 5 Golf Edition reacondicionado,4201514-Negro 40mm,1164939681
1164373815,https://www.liverpool.com.mx/tienda/pdp/producto/1164946424?skuid=1164373815,PATISH,Smartwatch Samsung Galaxy Watch 5 Golf Edition reacondicionado,4201515,1164946424
1164374820,https://www.liverpool.com.mx/tienda/pdp/producto/1164947871?skuid=1164374820,PATISH,Smartwatch Samsung Watch 4 Classic unisex con GPS Reacondicionado,4201518,1164947871
1164374846,https://www.liverpool.com.mx/tienda/pdp/producto/1164942119?skuid=1164374846,PATISH,Smartwatch Samsung Watch 4 Classic unisex con GPS Reacondicionado,4201517,1164942119
1164377586,https://www.liverpool.com.mx/tienda/pdp/producto/1164946289?skuid=1164377586,PATISH,Smartwatch Samsung Galaxy Watch 4 reacondicionado,4201522,1164946289
1164377578,https://www.liverpool.com.mx/tienda/pdp/producto/1164939487?skuid=1164377578,PATISH,Smartwatch Samsung Galaxy Watch 4 unisex con GPS Reacondicionado,4201520,1164939487
1164377551,https://www.liverpool.com.mx/tienda/pdp/producto/1164939291?skuid=1164377551,PATISH,Smartwatch Samsung Galaxy Watch 4 unisex con GPS Reacondicionado,4201524,1164939291
1164377560,https://www.liverpool.com.mx/tienda/pdp/producto/1164947013?skuid=1164377560,PATISH,Smartwatch Samsung Galaxy Watch 4 reacondicionado,4201523,1164947013
1156491981,https://www.liverpool.com.mx/tienda/pdp/producto/1165358208?skuid=1156491981,PATISH,Xiaomi redmi a3 lcd ips 6.7 pulgadas nuevo,4201505,1165358208
1156491973,https://www.liverpool.com.mx/tienda/pdp/producto/1165350002?skuid=1156491973,PATISH,Xiaomi redmi a3 lcd ips 6.7 pulgadas nuevo,4201504,1165350002
1155811818,https://www.liverpool.com.mx/tienda/pdp/producto/1165351998?skuid=1155811818,PATISH,Motorola Edge 30 AMOLED 6.5 pulgadas,4201508,1165351998
1153203250,https://www.liverpool.com.mx/tienda/pdp/producto/1165354008?skuid=1153203250,PATISH,Micrófono semi profesional Inalámbrico Jbl,4201492,1165354008
1149417849,https://www.liverpool.com.mx/tienda/pdp/producto/1165355748?skuid=1149417849,PATISH,Xiaomi Remi Note 13 Pro Midnight Black Dynamic AMOLED 2X 6.6 pulgadas,4201736,1165355748
1145289986,https://www.liverpool.com.mx/tienda/pdp/producto/1165777758?skuid=1145289986,PATISH,Audífonos Over-Ear Skullcandy Hesh Anc inalámbricos con cancelación de ruido,4201503,1165777758
1163166671,https://www.liverpool.com.mx/tienda/pdp/producto/1165776301?skuid=1163166671,PATISH,Samsung galaxy a06 lcd 6.7 pulgadas nuevo,4201527,1165776301
1162935484,https://www.liverpool.com.mx/tienda/pdp/producto/1165776581?skuid=1162935484,PATISH,Motorola Moto G85 POLED 6.6 pulgadas,4201491-Gris 256GB,1165776581
1154417776,https://www.liverpool.com.mx/tienda/pdp/producto/1165776255?skuid=1154417776,PATISH,Samsung galaxy a35 amoled 6.6 pulgadas nuevo,4201511-Negro 256gb,1165776255
1141833045,https://www.liverpool.com.mx/tienda/pdp/producto/1165871436?skuid=1141833045,PATISH,Apple apple iphone 12 mini 64gb super retina xdr 5.4 pulgadas reacondicionado,4201510-Iphone12Mini64GbMorado,1165871436
1141833061,https://www.liverpool.com.mx/tienda/pdp/producto/1165871851?skuid=1141833061,PATISH,Apple apple iphone 12 mini 64gb super retina xdr 5.4 pulgadas reacondicionado,4201509-Iphone12Mini64GbVerde,1165871851
1141833053,https://www.liverpool.com.mx/tienda/pdp/producto/1165871657?skuid=1141833053,PATISH,Apple iPhone 12 Mini 5.4 pulgadas Super Retina XDR Reacondicionado,4201541-Iphone12Mini64GbBlanco,1165871657
1165754014,https://www.liverpool.com.mx/tienda/pdp/producto/1165754014?skuid=1165754014,PATISH,Laptop Hp 250 G9 15.6 pulgadas Full HD Intel Core i5 Intel Iris XE 16 GB RAM 512 GB SSD,4201525,1165754014
1149827591,https://www.liverpool.com.mx/tienda/pdp/producto/1166169077?skuid=1149827591,PATISH,Xiaomi Poco X6 Pro AMOLED 6.6 pulgadas,4201662,1166169077
1153574070,https://www.liverpool.com.mx/tienda/pdp/producto/1166170121?skuid=1153574070,PATISH,Laptop HP 255 G9 W11 Pro 15.6 pulgadas Full HD AMD Ryzen 7 AMD Radeon 16 GB RAM 512 GB SSD,4201495,1166170121
1166041399,https://www.liverpool.com.mx/tienda/pdp/producto/1166041399?skuid=1166041399,PATISH,Bocina portátil Jbl JBL FLIP 6 Portatil inalámbrica,Eliminado-114,1166041399
1166042425,https://www.liverpool.com.mx/tienda/pdp/producto/1166042425?skuid=1166042425,PATISH,Bocina portátil Jbl JBL CLIP 5 bluetooth,4201500,1166042425
1166041411,https://www.liverpool.com.mx/tienda/pdp/producto/1166041411?skuid=1166041411,PATISH,Bocina portátil Jbl JBL CLIP 5 bluetooth,4201501,1166041411
1166066235,https://www.liverpool.com.mx/tienda/pdp/producto/1166066235?skuid=1166066235,PATISH,Laptop 2 en 1 touch Lenovo Flex 5 14IAU7 14 pulgadas Full HD+ Intel Core i3 Intel UHD 8 GB RAM 256 GB SSD,4201493,1166066235
1166066243,https://www.liverpool.com.mx/tienda/pdp/producto/1166066243?skuid=1166066243,PATISH,Laptop 2 en 1 touch Hp 16 pulgadas WUXGA Intel core ultra 5 16 GB RAM 512 GB SSD,4201490,1166066243
1166079817,https://www.liverpool.com.mx/tienda/pdp/producto/1166079817?skuid=1166079817,PATISH,Tablet Samsung S9 Fe Bundle 10.9 pulgadas de 8 GB RAM,4201482_4200087,1166079817
1166080629,https://www.liverpool.com.mx/tienda/pdp/producto/1166080629?skuid=1166080629,PATISH,Tablet Samsung S9 Fe Bundle 10.9 pulgadas de 8 GB RAM,4201483_4200087,1166080629
1166041402,https://www.liverpool.com.mx/tienda/pdp/producto/1166041402?skuid=1166041402,PATISH,Bocina portátil Jbl JBL FLIP 6 Portatil inalámbrica,4201497_,1166041402
1166050576,https://www.liverpool.com.mx/tienda/pdp/producto/1166050576?skuid=1166050576,PATISH,Laptop Hp 250 G9 15.6 pulgadas Full HD Intel Core i3 Intel UHD 16 GB RAM 512 GB SSD,4201207,1166050576
1166096029,https://www.liverpool.com.mx/tienda/pdp/producto/1166096029?skuid=1166096029,PATISH,Motorola Edge 40 Neo POLED 6.5 pulgadas,4201614_4200087,1166096029
1162935506,https://www.liverpool.com.mx/tienda/pdp/producto/1166691377?skuid=1162935506,PATISH,Motorola Moto G85 POLED 6.6 pulgadas,4201472--Moto G85 Verde,1166691377
1160934561,https://www.liverpool.com.mx/tienda/pdp/producto/1166683293?skuid=1160934561,PATISH,Laptop gamer Lenovo 83GS001CUS 15.6 pulgadas Full HD Intel Core i5 NVIDIA GeForce RTX 3050 12 GB RAM 512 GB SSD,4201471,1166683293
1162301931,https://www.liverpool.com.mx/tienda/pdp/producto/1166692101?skuid=1162301931,PATISH,Laptop gamer Hp 15-fb2063dx 15.6 pulgadas Full HD AMD Ryzen 5 AMD Radeon 8 GB RAM 512 GB SSD,4201470,1166692101
1111110952,https://www.liverpool.com.mx/tienda/pdp/producto/1166754476?skuid=1111110952,PATISH,Bocina JBL PartyBox 110 alámbrica e inalámbrica,4201468_,1166754476
1166066031,https://www.liverpool.com.mx/tienda/pdp/producto/1166066031?skuid=1166066031,PATISH,Xiaomi Redmi Note 13 Pro 5G AMOLED 6.6 pulgadas,4201469,1166066031
1167234361,https://www.liverpool.com.mx/tienda/pdp/producto/1167562651?skuid=1167234361,PATISH,Audífonos Over-Ear Skullcandy Crusher Evo alámbricos/inalámbricos,4201502_,1167562651
1166734190,https://www.liverpool.com.mx/tienda/pdp/producto/1167560748?skuid=1166734190,PATISH,Samsung galaxy a06 lcd 6.7 pulgadas reacondicionado,4201528,1167560748
1158245376,https://www.liverpool.com.mx/tienda/pdp/producto/1167560187?skuid=1158245376,PATISH,Apple iPhone 14 6.1 pulgadas Super Retina XDR Reacondicionado,Eliminado102,1167560187
1150543564,https://www.liverpool.com.mx/tienda/pdp/producto/1167560225?skuid=1150543564,PATISH,Apple iPhone 13 6.1 pulgadas Super Retina XDR Reacondicionado,4201673_iPhone 13 256Gb Negro,1167560225
1167156114,https://www.liverpool.com.mx/tienda/pdp/producto/1167560900?skuid=1167156114,PATISH,Laptop Lenovo 82V6009NUS 14 pulgadas HD Intel Celeron 4 GB RAM,4201467,1167560900
1167379024,https://www.liverpool.com.mx/tienda/pdp/producto/1167379024?skuid=1167379024,PATISH,Motorola Edge 50 Fusion OLED 6.7 pulgadas,4201475,1167379024
1166914856,https://www.liverpool.com.mx/tienda/pdp/producto/1167785332?skuid=1166914856,PATISH,Samsung galaxy s24 fe amoled 6.7 pulgadas reacondicionado,4201484-Negro 256GB,1167785332
1166204221,https://www.liverpool.com.mx/tienda/pdp/producto/1167786673?skuid=1166204221,PATISH,Tablet Samsung Galaxy Galaxy Tab A9 Plus 11 pulgadas de 8 GB RAM,4201458,1167786673
1157822949,https://www.liverpool.com.mx/tienda/pdp/producto/1159030438?skuid=1157822949,PATISH,Apple iphone 13 mini super retina xdr 5.8 pulgadas reacondicionado,4201558-iPhone 13 Mini 128GB Azul,1159030438
1157822965,https://www.liverpool.com.mx/tienda/pdp/producto/1168137946?skuid=1157822965,PATISH,Apple iphone 13 mini super retina xdr 5.8 pulgadas reacondicionado,4201557-Iphone13Mini128GbRosa,1168137946
1157822973,https://www.liverpool.com.mx/tienda/pdp/producto/1168141382?skuid=1157822973,PATISH,Apple iphone 13 mini super retina xdr 5.8 pulgadas reacondicionado,4201555-iPhone 13 Mini 128GB Rojo,1168141382
1157822990,https://www.liverpool.com.mx/tienda/pdp/producto/1168140017?skuid=1157822990,PATISH,Apple iPhone 13 Mini 5.8 pulgadas Super Retina XDR Reacondicionado,4201556-Phone 13 Mini 128GB Verde,1168140017
1129962221,https://www.liverpool.com.mx/tienda/pdp/producto/1168135455?skuid=1129962221,PATISH,Apple iPhone 13 6.1 pulgadas Super Retina XDR Reacondicionado,4201669-iPhone 13 256GB Rojo,1168135455
1129961160,https://www.liverpool.com.mx/tienda/pdp/producto/1168140181?skuid=1129961160,PATISH,Apple iPhone 13 6.1 pulgadas Super Retina XDR Reacondicionado,4201672- iphone 13 256 rosa,1168140181
1167226058,https://www.liverpool.com.mx/tienda/pdp/producto/1168230482?skuid=1167226058,PATISH,Apple Apple Watch SE 1ra Gen,4201463-Plata 40mm,1168230482
1167226031,https://www.liverpool.com.mx/tienda/pdp/producto/1168205160?skuid=1167226031,PATISH,Apple Apple Watch SE 1ra Gen,4201326,1168205160
1167224811,https://www.liverpool.com.mx/tienda/pdp/producto/1168209432?skuid=1167224811,PATISH,Smartwatch Apple SE 1ra Generación reacondicionado,4201327-Negro 40mm,1168209432
1167224802,https://www.liverpool.com.mx/tienda/pdp/producto/1168206701?skuid=1167224802,PATISH,Smartwatch Apple SE 1ra Generación reacondicionado,4201324-Plata 44mm,1168206701
1167226023,https://www.liverpool.com.mx/tienda/pdp/producto/1168215319?skuid=1167226023,PATISH,Apple Apple Watch SE 1ra Gen,4201462,1168215319
1167226040,https://www.liverpool.com.mx/tienda/pdp/producto/1168215793?skuid=1167226040,PATISH,Apple Apple Watch SE 1ra Gen,4201325,1168215793
1167232341,https://www.liverpool.com.mx/tienda/pdp/producto/1168238211?skuid=1167232341,PATISH,Apple Apple Watch SE 2da Gen,4201564-Negro 40mm,1168238211
1167232384,https://www.liverpool.com.mx/tienda/pdp/producto/1168206565?skuid=1167232384,PATISH,Apple Apple Watch SE 2da Gen,4201174-Plata 44mm,1168206565
1167232368,https://www.liverpool.com.mx/tienda/pdp/producto/1168205038?skuid=1167232368,PATISH,Apple Apple Watch SE 2da Gen,4201562,1168205038
1167232350,https://www.liverpool.com.mx/tienda/pdp/producto/1168196349?skuid=1167232350,PATISH,Smartwatch Apple SE 2da Generación reacondicionado,4201173/4201172/4201418,1168196349
1167232376,https://www.liverpool.com.mx/tienda/pdp/producto/1168206859?skuid=1167232376,PATISH,Apple Apple Watch SE 2da Gen,4201561-Negro 44mm,1168206859
1167232333,https://www.liverpool.com.mx/tienda/pdp/producto/1168222714?skuid=1167232333,PATISH,Apple Apple Watch SE 2da Gen,4201560-Plata 40mm,1168222714
1148887051,https://www.liverpool.com.mx/tienda/pdp/producto/1168234569?skuid=1148887051,PATISH,Samsung galaxy a15 4g amoled 6.5 pulgadas nuevo,4201639_,1168234569
1148887078,https://www.liverpool.com.mx/tienda/pdp/producto/1168201725?skuid=1148887078,PATISH,Samsung galaxy a15 4g amoled 6.5 pulgadas nuevo,4201570_,1168201725
1148887060,https://www.liverpool.com.mx/tienda/pdp/producto/1168235735?skuid=1148887060,PATISH,Samsung galaxy a15 4g amoled 6.5 pulgadas nuevo,4201710_,1168235735
1167915643,https://www.liverpool.com.mx/tienda/pdp/producto/1168218971?skuid=1167915643,PATISH,Tablet Samsung S9 Fe 10.9 pulgadas de 8 GB RAM,4201459_4200087,1168218971
1145859928,https://www.liverpool.com.mx/tienda/pdp/producto/1151520037?skuid=1145859928,PATISH,Motorola moto g84 256gb oled 6.5 pulgadas nuevo,4201657_,1151520037
1111297211,https://www.liverpool.com.mx/tienda/pdp/producto/1168310907?skuid=1111297211,PATISH,Consola portátil Nintendo Switch OLED 64 GB edición Standard,4201088_SoloRojo/Azul,1168310907
1111297220,https://www.liverpool.com.mx/tienda/pdp/producto/1168321127?skuid=1111297220,PATISH,Consola portátil Nintendo Switch OLED 64 GB edición stand alone Hegskaaaa,4202030_SoloBlanco,1168321127
1168114636,https://www.liverpool.com.mx/tienda/pdp/producto/1168334181?skuid=1168114636,PATISH,Tablet Apple iPad 10ma Generación 10.9 pulgadas de 4 GB RAM reacondicionado,4201567-Rosa 64GB,1168334181
1168114652,https://www.liverpool.com.mx/tienda/pdp/producto/1168334997?skuid=1168114652,PATISH,Apple iPad 10 10.9 pulgadas 4 GB RAM Reacondicionado,4201676,1168334997
1168114644,https://www.liverpool.com.mx/tienda/pdp/producto/1168333869?skuid=1168114644,PATISH,Tablet Apple iPad 10ma Generación 10.9 pulgadas de 4 GB RAM reacondicionado,4201677-Plata 64GB,1168333869
1168118836,https://www.liverpool.com.mx/tienda/pdp/producto/1168346251?skuid=1168118836,PATISH,Tablet Apple iPad 9na Gen 10.2 pulgadas de 3 GB RAM reacondicionado,4201530,1168346251
1168118828,https://www.liverpool.com.mx/tienda/pdp/producto/1168341713?skuid=1168118828,PATISH,Tablet Apple iPad 9na Gen 10.2 pulgadas de 3 GB RAM reacondicionado,4201529,1168341713
1156074094,https://www.liverpool.com.mx/tienda/pdp/producto/1168361412?skuid=1156074094,PATISH,Apple iPhone 13 6.1 pulgadas Super Retina XDR Reacondicionado,4201648_iPhone 13 256GB Verde,1168361412
1149922497,https://www.liverpool.com.mx/tienda/pdp/producto/1168576737?skuid=1149922497,PATISH,Xiaomi Redmi Note 13 Pro AMOLED 6.6 pulgadas,4201685,1168576737
1168511813,https://www.liverpool.com.mx/tienda/pdp/producto/1168511813?skuid=1168511813,PATISH,Laptop Apple Macbook Air M2 13.6 pulgadas QHD+ M2 integradas 8 GB RAM 256 GB SSD,4200980-,1168511813
1168511805,https://www.liverpool.com.mx/tienda/pdp/producto/1168511805?skuid=1168511805,PATISH,Laptop Apple Macbook Air M2 13.6 pulgadas QHD+ M2 integradas 8 GB RAM 256 GB SSD,4201343,1168511805
1168511783,https://www.liverpool.com.mx/tienda/pdp/producto/1168511783?skuid=1168511783,PATISH,Laptop Apple Macbook Air M2 8/256 GB 13.6 pulgadas QHD+ M2 integradas 8 GB RAM 256 GB SSD,4200094_,1168511783
1168511791,https://www.liverpool.com.mx/tienda/pdp/producto/1168511791?skuid=1168511791,PATISH,Laptop Apple Macbook Air M2 13.6 pulgadas QHD+ M2 integradas 8 GB RAM 256 GB SSD,4200080_,1168511791
1168512275,https://www.liverpool.com.mx/tienda/pdp/producto/1168512275?skuid=1168512275,PATISH,Consola fija/portátil nintendo switch de 64 gb Nintendo mario kart,4201449,1168512275
1168512283,https://www.liverpool.com.mx/tienda/pdp/producto/1168512283?skuid=1168512283,PATISH,Consola PS5 de 1 TB edición bundle nba,4201447,1168512283
1168512291,https://www.liverpool.com.mx/tienda/pdp/producto/1168512291?skuid=1168512291,PATISH,Consola fija ps5 de 2 tb Sony,4201444,1168512291
1168707530,https://www.liverpool.com.mx/tienda/pdp/producto/1168707530?skuid=1168707530,PATISH,Apple MacBook Air 13.3 pulgadas Intel Core i5 8 GB RAM 512 GB SSD,Eliminado352,1168707530
1168707548,https://www.liverpool.com.mx/tienda/pdp/producto/1168707548?skuid=1168707548,PATISH,Laptop Apple MacBook Air 13.3 pulgadas Full HD Intel Core i5 Intel Iris Plus Graphics 8 GB RAM 512 GB SSD,4201445_Plata,1168707548
1168707556,https://www.liverpool.com.mx/tienda/pdp/producto/1168707556?skuid=1168707556,PATISH,Apple MacBook Air 13.3 pulgadas Intel Core i5 8 GB RAM 512 GB SSD,Eliminado353,1168707556
1137621645,https://www.liverpool.com.mx/tienda/pdp/producto/1137621645?skuid=1137621645,PATISH,Set de teléfonos Panasonic KX-TGC384C 4 auriculares,4201053,1137621645
1168886949,https://www.liverpool.com.mx/tienda/pdp/producto/1168886949?skuid=1168886949,PATISH,Audífonos Over-Ear Beats Solo 3 alámbricos/inalámbricos,4201438_Solo3 Negro,1168886949
1168886957,https://www.liverpool.com.mx/tienda/pdp/producto/1168886957?skuid=1168886957,PATISH,Audífonos Over-Ear Beats Solo 4 alámbricos/inalámbricos,4201531-Azul,1168886957
1168890539,https://www.liverpool.com.mx/tienda/pdp/producto/1168890539?skuid=1168890539,PATISH,Laptop Lenovo 15.6 pulgadas Full HD Intel Core i7 Intel Iris XE 16 GB RAM 512 GB SSD,4201439,1168890539
1137795368,https://www.liverpool.com.mx/tienda/pdp/producto/1137795368?skuid=1137795368,PATISH,Audífonos True Wireless Skullcandy Indy Evo inalámbricos,4200022,1137795368
1137795350,https://www.liverpool.com.mx/tienda/pdp/producto/1137795350?skuid=1137795350,PATISH,Audífonos True Wireless Skullcandy Indy Evo inalámbricos,4200024,1137795350
1168954880,https://www.liverpool.com.mx/tienda/pdp/producto/1169441037?skuid=1168954880,PATISH,Consola PS5 de 1 TB edición bundle fortnite,4201028,1169441037
1169236956,https://www.liverpool.com.mx/tienda/pdp/producto/1169236956?skuid=1169236956,PATISH,"Audífonos over-ear beats beats solo 4 alámbrica e inalámbrica ""con (si aplica)"" no",4201552,1169236956
1169236948,https://www.liverpool.com.mx/tienda/pdp/producto/1169236948?skuid=1169236948,PATISH,"Audífonos over-ear beats beats solo 4 alámbrica e inalámbrica ""con (si aplica)"" no",4201553,1169236948
1169262337,https://www.liverpool.com.mx/tienda/pdp/producto/1169764391?skuid=1169262337,PATISH,Set de teléfonos Panasonic KX-TG3833M 3Ext 3 auriculares,4201455,1169764391
1169266448,https://www.liverpool.com.mx/tienda/pdp/producto/1169755732?skuid=1169266448,PATISH,Set de teléfonos Panasonic KX-TG985 5 Ext 5 auriculares,4201832,1169755732
1169266456,https://www.liverpool.com.mx/tienda/pdp/producto/1169773196?skuid=1169266456,PATISH,Set de teléfonos Panasonic KX-TG633SK 3 Ext 3 auriculares,4201822,1169773196
1169266464,https://www.liverpool.com.mx/tienda/pdp/producto/1169768648?skuid=1169266464,PATISH,Teléfono Panasonic Panasonic KX-TG9541 2 Lineas,4201056,1169768648
1169266472,https://www.liverpool.com.mx/tienda/pdp/producto/1169756631?skuid=1169266472,PATISH,Set de teléfonos Panasonic KX-TGF944B 4 auriculares,4201448,1169756631
1162037583,https://www.liverpool.com.mx/tienda/pdp/producto/1169855141?skuid=1162037583,PATISH,Apple iPhone 14 6.1 pulgadas Super Retina XDR Reacondicionado,4201534--iPhone 14 128GB Rojo,1169855141
1162037591,https://www.liverpool.com.mx/tienda/pdp/producto/1169858892?skuid=1162037591,PATISH,Apple iPhone 14 6.1 pulgadas Super Retina XDR Reacondicionado,4201533--iPhone 14 128GB Negro,1169858892
1162037575,https://www.liverpool.com.mx/tienda/pdp/producto/1169850514?skuid=1162037575,PATISH,Apple iPhone 14 6.1 pulgadas Super Retina XDR Reacondicionado,4201466--Phone 14 128GB Azul,1169850514
1147363105,https://www.liverpool.com.mx/tienda/pdp/producto/1169855974?skuid=1147363105,PATISH,Lentes de realidad virtual Sony para ps5,4201426,1169855974
1168854044,https://www.liverpool.com.mx/tienda/pdp/producto/1169849257?skuid=1168854044,PATISH,Xiaomi Redmi 14C LCD 6.8 pulgadas,4201433,1169849257
1168854028,https://www.liverpool.com.mx/tienda/pdp/producto/1169845740?skuid=1168854028,PATISH,Xiaomi redmi 14c 4g dual lcd 6.8 pulgadas nuevo,4201434,1169845740
1168854036,https://www.liverpool.com.mx/tienda/pdp/producto/1169845537?skuid=1168854036,PATISH,Xiaomi redmi 14c 4g dual lcd 6.8 pulgadas nuevo,4201435,1169845537
1160467394,https://www.liverpool.com.mx/tienda/pdp/producto/1170035468?skuid=1160467394,PATISH,Bocina portátil jbl go 4 inalámbrica,4201498--Go 4 Rojo,1170035468
1169262272,https://www.liverpool.com.mx/tienda/pdp/producto/1170034976?skuid=1169262272,PATISH,Laptop Lenovo 15.6 pulgadas Full HD Intel Core i5 Intel UHD 12 GB RAM 512 GB SSD,4201436,1170034976
1169714700,https://www.liverpool.com.mx/tienda/pdp/producto/1170075079?skuid=1169714700,PATISH,Xiaomi xiaomi note 12s 6/128 amoled 6.4 pulgadas nuevo,4201428,1170075079
1169714688,https://www.liverpool.com.mx/tienda/pdp/producto/1170095215?skuid=1169714688,PATISH,Xiaomi xiaomi note 12s 6/128 amoled 6.4 pulgadas nuevo,4201429,1170095215
1169715048,https://www.liverpool.com.mx/tienda/pdp/producto/1169715048?skuid=1169715048,PATISH,Apple iPhone 14 6.1 pulgadas Super Retina XDR Reacondicionado,4201277-iPhone 14 128Gb Amarillo,1169715048
1169715277,https://www.liverpool.com.mx/tienda/pdp/producto/1169715277?skuid=1169715277,PATISH,Consola Nintendo Switch de 32 GB edición bundle mario kart,Eliminado05,1169715277
1154672032,https://www.liverpool.com.mx/tienda/pdp/producto/1170307590?skuid=1154672032,PATISH,Poco X6 Pro 5G AMOLED 6.6 pulgadas,4201754,1170307590
1149527156,https://www.liverpool.com.mx/tienda/pdp/producto/1149527156?skuid=1149527156,PATISH,Xiaomi poco x6 pro amoled 6.6 pulgadas nuevo,4201403,1149527156
1137499980,https://www.liverpool.com.mx/tienda/pdp/producto/1170312666?skuid=1137499980,PATISH,Apple iphone 12 oled 6.1 pulgadas reacondicionado,4201939-iPhone 12 64GB Verde,1170312666
1129961143,https://www.liverpool.com.mx/tienda/pdp/producto/1148656998?skuid=1129961143,PATISH,Apple iPhone 13 Super Retina XDR 6.1 pulgadas desbloqueado reacondicionado,4201813_,1148656998
1170284549,https://www.liverpool.com.mx/tienda/pdp/producto/1170284549?skuid=1170284549,PATISH,Laptop 2 en 1 touch Lenovo 82R700L5US 14 pulgadas Full HD Intel Core i5 Intel Iris XE 8 GB RAM 512 GB SSD,4201406,1170284549
1170387895,https://www.liverpool.com.mx/tienda/pdp/producto/1170387895?skuid=1170387895,PATISH,Bocina portátil Jbl Charge 5 Wifi inalámbrica,4201413,1170387895
1170162672,https://www.liverpool.com.mx/tienda/pdp/producto/1170162672?skuid=1170162672,PATISH,Apple Apple Watch Series 7,4201397,1170162672
1170162681,https://www.liverpool.com.mx/tienda/pdp/producto/1170162681?skuid=1170162681,PATISH,Apple Apple Watch Series 7,4201399-Dorado 41mm,1170162681
1170162702,https://www.liverpool.com.mx/tienda/pdp/producto/1170162702?skuid=1170162702,PATISH,Apple Watch Series 7 Reacondicionado,4201398-Verde 41mm,1170162702
1170162711,https://www.liverpool.com.mx/tienda/pdp/producto/1170162711?skuid=1170162711,PATISH,Apple Watch Series 7 Reacondicionado,4201405,1170162711
1170163326,https://www.liverpool.com.mx/tienda/pdp/producto/1170163326?skuid=1170163326,PATISH,Apple Watch Series 7 Reacondicionado,4201404-Negro 41mm,1170163326
1170163334,https://www.liverpool.com.mx/tienda/pdp/producto/1170163334?skuid=1170163334,PATISH,Apple Apple Watch Series 7,4201396,1170163334
1170163342,https://www.liverpool.com.mx/tienda/pdp/producto/1170163342?skuid=1170163342,PATISH,Apple Apple Watch Series 7,4201395,1170163342
1170162516,https://www.liverpool.com.mx/tienda/pdp/producto/1170162516?skuid=1170162516,PATISH,Consola Xbox Series X de 2 TB edición especial,4201407,1170162516
1103127579,https://www.liverpool.com.mx/tienda/pdp/producto/1170966836?skuid=1103127579,PATISH,Bocina Portátil JBL PartyBox 310AM,4201394,1170966836
1108706488,https://www.liverpool.com.mx/tienda/pdp/producto/1170970442?skuid=1108706488,PATISH,Bocina Portátil JBL Partybox 310,4201394_,1170970442
1112878811,https://www.liverpool.com.mx/tienda/pdp/producto/1170969410?skuid=1112878811,PATISH,Bocina Portátil JBL Charge 5 Inalámbrica,4201402_Charge 5 Rojo,1170969410
1127939957,https://www.liverpool.com.mx/tienda/pdp/producto/1170963233?skuid=1127939957,PATISH,Bocina portátil Jbl inalámbrica,4201401,1170963233
1170561348,https://www.liverpool.com.mx/tienda/pdp/producto/1170561348?skuid=1170561348,PATISH,Audífonos On-Ear Jbl Jbl Live 675Nc alámbricos e inalámbricos con cancelación de ruido,4201366-JBL Live 675Nc,1170561348
1158514423,https://www.liverpool.com.mx/tienda/pdp/producto/1170967913?skuid=1158514423,PATISH,Motorola moto g24 lcd 6.5 pulgadas nuevo,4201355,1170967913
1158514440,https://www.liverpool.com.mx/tienda/pdp/producto/1170966143?skuid=1158514440,PATISH,Motorola moto g24 lcd 6.5 pulgadas nuevo,4201359,1170966143
1158245384,https://www.liverpool.com.mx/tienda/pdp/producto/1171170288?skuid=1158245384,PATISH,Apple iPhone 14 6.1 pulgadas Super Retina XDR Reacondicionado,Eliminado104,1171170288
1165959147,https://www.liverpool.com.mx/tienda/pdp/producto/1171233123?skuid=1165959147,PATISH,Motorola Edge 50 Fusion POLED 6.7 pulgadas,4201294,1171233123
1140792175,https://www.liverpool.com.mx/tienda/pdp/producto/1171232640?skuid=1140792175,PATISH,Lenovo Lenovo Thinkphone OLED 6.6 pulgadas,4201357,1171232640
1163432125,https://www.liverpool.com.mx/tienda/pdp/producto/1171230183?skuid=1163432125,PATISH,Motorola Lenovo By Thinkphone POLED 6.6 pulgadas,4201357-Negro 256GB,1171230183
1162935492,https://www.liverpool.com.mx/tienda/pdp/producto/1171232372?skuid=1162935492,PATISH,Motorola Moto G85 POLED 6.6 pulgadas,4201494-Azul 256GB,1171232372
1150274661,https://www.liverpool.com.mx/tienda/pdp/producto/1171233379?skuid=1150274661,PATISH,Tablet Xiaomi Redmi Pad Se 11 pulgadas de 8 GB RAM,4201349,1171233379
1147864210,https://www.liverpool.com.mx/tienda/pdp/producto/1171233549?skuid=1147864210,PATISH,Tablet Xiaomi Redmi Pad Se 11 pulgadas de 8 GB RAM,4201349_,1171233549
1157154539,https://www.liverpool.com.mx/tienda/pdp/producto/1171228855?skuid=1157154539,PATISH,Xiaomi Poco F6 Pro Dual Sim Dynamic AMOLED 2X 6.6 pulgadas,4201350,1171228855
1090994936,https://www.liverpool.com.mx/tienda/pdp/producto/1090994936?skuid=1090994936,PATISH,Telefono Inalambrico Panasonic KX-TGD532M 2 Auriculares Blanco (Reacondicionado Certificado),4201367,1090994936
1171154860,https://www.liverpool.com.mx/tienda/pdp/producto/1171280032?skuid=1171154860,PATISH,Motorola Moto G24 LCD IPS 6.5 pulgadas,4201354,1171280032
1171160771,https://www.liverpool.com.mx/tienda/pdp/producto/1171280105?skuid=1171160771,PATISH,Motorola Edge 50 Pro OLED 6.7 pulgadas,4201358,1171280105
1170162699,https://www.liverpool.com.mx/tienda/pdp/producto/1170162699?skuid=1170162699,PATISH,Apple Watch Series 7 Reacondicionado,4201347,1170162699
1171160754,https://www.liverpool.com.mx/tienda/pdp/producto/1171160754?skuid=1171160754,PATISH,Xiaomi xiaomi xiaomi 14t 12gb/512gb stand alone amoled 6.6 pulgadas nuevo,4201348,1171160754
1171160762,https://www.liverpool.com.mx/tienda/pdp/producto/1171160762?skuid=1171160762,PATISH,Xiaomi xiaomi xiaomi 14t 12gb/512gb stand alone amoled 6.6 pulgadas nuevo,4201446,1171160762
1171160789,https://www.liverpool.com.mx/tienda/pdp/producto/1171160789?skuid=1171160789,PATISH,Motorola Razr 50 OLED 6.9 pulgadas,4201488,1171160789
1147864082,https://www.liverpool.com.mx/tienda/pdp/producto/1171679130?skuid=1147864082,PATISH,Tablet Xiaomi Redmi Pad Se 11 pulgadas 256 GB de almacenamiento de 8 GB RAM,4201339,1171679130
1157440281,https://www.liverpool.com.mx/tienda/pdp/producto/1171678150?skuid=1157440281,PATISH,Tablet Xiaomi Pad Se 11 pulgadas de 8 GB RAM,4201340,1171678150
1171204808,https://www.liverpool.com.mx/tienda/pdp/producto/1171749065?skuid=1171204808,PATISH,Set de teléfonos Panasonic KX-TGF882B 3 auriculares,4201373,1171749065
1171204816,https://www.liverpool.com.mx/tienda/pdp/producto/1171204816?skuid=1171204816,PATISH,Set de teléfonos Panasonic inalámbrico KX-TGD563M 3 auriculares,4201386,1171204816
1171211171,https://www.liverpool.com.mx/tienda/pdp/producto/1171211171?skuid=1171211171,PATISH,Teléfono Panasonic inalámbrico KX-TGM420W,4201370,1171211171
1171211189,https://www.liverpool.com.mx/tienda/pdp/producto/1171211189?skuid=1171211189,PATISH,Set de teléfonos Panasonic KX-GTGF675 5 auriculares,4202256,1171211189
1149920257,https://www.liverpool.com.mx/tienda/pdp/producto/1172030676?skuid=1149920257,PATISH,Xiaomi Redmi Note 13 Pro AMOLED 6.6 pulgadas,4201685_,1172030676
1171448898,https://www.liverpool.com.mx/tienda/pdp/producto/1171448898?skuid=1171448898,PATISH,Smartwatch Apple Watch Ultra 2 reacondicionado,4201346,1171448898
1171448901,https://www.liverpool.com.mx/tienda/pdp/producto/1171448901?skuid=1171448901,PATISH,Smartwatch Apple Watch Series 8 reacondicionado,4201345,1171448901
1171815483,https://www.liverpool.com.mx/tienda/pdp/producto/1171815483?skuid=1171815483,PATISH,Consola Xbox Series X de 1 TB edición estándar reacondicionado,4201222,1171815483
1166734181,https://www.liverpool.com.mx/tienda/pdp/producto/1172443598?skuid=1166734181,PATISH,Samsung galaxy a06 lcd 6.7 pulgadas reacondicionado,4201526,1172443598
1166734203,https://www.liverpool.com.mx/tienda/pdp/producto/1172447356?skuid=1166734203,PATISH,Samsung galaxy a06 lcd 6.7 pulgadas reacondicionado,4201527-,1172447356
1167426049,https://www.liverpool.com.mx/tienda/pdp/producto/1172671248?skuid=1167426049,PATISH,Samsung Galaxy A16 Super AMOLED 6.7 pulgadas,4201331_,1172671248
1171425723,https://www.liverpool.com.mx/tienda/pdp/producto/1172669219?skuid=1171425723,PATISH,Samsung samsung galaxy a16 dual amoled 6.7 pulgadas nuevo,4201217-Negro 256GB,1172669219
1167426057,https://www.liverpool.com.mx/tienda/pdp/producto/1172664331?skuid=1167426057,PATISH,Samsung samsung galaxy a16 5g dual sim super amoled 6.7 pulgadas nuevo,4201332,1172664331
1171425740,https://www.liverpool.com.mx/tienda/pdp/producto/1172667658?skuid=1171425740,PATISH,Samsung Galaxy A16 AMOLED 6.7 pulgadas,4201332_,1172667658
1171425731,https://www.liverpool.com.mx/tienda/pdp/producto/1172670021?skuid=1171425731,PATISH,Samsung Galaxy A16 AMOLED 6.7 pulgadas,4201337-Dorado 256GB,1172670021
1157828521,https://www.liverpool.com.mx/tienda/pdp/producto/1172668549?skuid=1157828521,PATISH,Bocina Harman Kardon Onyx Onyx Studio 7 inalámbrica,4201958,1172668549
1161570717,https://www.liverpool.com.mx/tienda/pdp/producto/1172704782?skuid=1161570717,PATISH,Bocina Harman Kardon Onyx Onyx Studio 8 inalámbrica,4201329,1172704782
1169307977,https://www.liverpool.com.mx/tienda/pdp/producto/1172961165?skuid=1169307977,PATISH,Laptop 2 en 1 touch Hp 14 pulgadas Full HD Intel Core i5 Intel UHD Graphics 8 GB RAM 512 GB SSD,4201335,1172961165
1164828464,https://www.liverpool.com.mx/tienda/pdp/producto/1173346006?skuid=1164828464,PATISH,Bocina portátil Jbl Charge 5 bluetooth,4201400_,1173346006
1164842351,https://www.liverpool.com.mx/tienda/pdp/producto/1173349510?skuid=1164842351,PATISH,Bocina Jbl Go 4 inalámbrica,4201499-Go 4 Azul,1173349510
1172872219,https://www.liverpool.com.mx/tienda/pdp/producto/1172872219?skuid=1172872219,PATISH,Audífonos Over-Ear Beats Studio Pro alámbricos/inalámbricos con cancelación de ruido,4201547_,1172872219
1131824803,https://www.liverpool.com.mx/tienda/pdp/producto/1173807933?skuid=1131824803,PATISH,Bocina jbl flip 6 inalámbrica,4201496,1173807933
1131824781,https://www.liverpool.com.mx/tienda/pdp/producto/1173804705?skuid=1131824781,PATISH,Bocina portátil Jbl Charge 5 bluetooth,4201352-Charge 5 Gris,1173804705
1129961186,https://www.liverpool.com.mx/tienda/pdp/producto/1173812147?skuid=1129961186,PATISH,Apple iPhone 13 6.1 pulgadas Super Retina XDR Reacondicionado,4201670-iPhone 13 256GB Azul,1173812147
1171410611,https://www.liverpool.com.mx/tienda/pdp/producto/1173990401?skuid=1171410611,PATISH,Apple iPhone 15 6.1 pulgadas OLED Reacondicionado,4201633-iPhone 15 128GB Rosa,1173990401
1171414322,https://www.liverpool.com.mx/tienda/pdp/producto/1173982204?skuid=1171414322,PATISH,Apple iPhone 15 6.1 pulgadas OLED Reacondicionado,4201634---Iphone15128GbVerde,1173982204
1173102531,https://www.liverpool.com.mx/tienda/pdp/producto/1173102531?skuid=1173102531,PATISH,Audífonos True Wireless Beats Studio Buds + inalámbricos con cancelación de ruido,4201532_,1173102531
1173102361,https://www.liverpool.com.mx/tienda/pdp/producto/1173102361?skuid=1173102361,PATISH,Laptop touch Hp 15-fd0005dx 15.6 pulgadas HD Intel Core i5 Intel Iris XE 8 GB RAM 512 GB SSD,4201336,1173102361
1173102379,https://www.liverpool.com.mx/tienda/pdp/producto/1173102379?skuid=1173102379,PATISH,Laptop 2 en 1 touch Dell i7445-5333BLU-PUS 14 pulgadas Full HD+ AMD Ryzen 5 AMD Radeon 8 GB RAM 512 GB SSD,4201334,1173102379
1174497431,https://www.liverpool.com.mx/tienda/pdp/producto/1174497431?skuid=1174497431,PATISH,Consola Xbox Series S de 1 TB edición bundle,4201221_4200087,1174497431
1166048971,https://www.liverpool.com.mx/tienda/pdp/producto/1175365059?skuid=1166048971,PATISH,Bocina portátil Beats By Dre Beats Pill inalámbrica,4201315-Beats Pill Negro,1175365059
1174658001,https://www.liverpool.com.mx/tienda/pdp/producto/1175496528?skuid=1174658001,PATISH,Laptop Lenovo IdeaPad 1 15AMN7 15.6 pulgadas Full HD AMD Ryzen 3 AMD Radeon 4 GB RAM 128 GB SSD,4201312,1175496528
1175150991,https://www.liverpool.com.mx/tienda/pdp/producto/1175150991?skuid=1175150991,PATISH,Control Backbone para multiplataforma edición especial,4201316,1175150991
1175163570,https://www.liverpool.com.mx/tienda/pdp/producto/1175163570?skuid=1175163570,PATISH,Laptop Lenovo 82VG00R2US 15.6 pulgadas Full HD AMD Ryzen 3 AMD Radeon 4 GB RAM 128 GB SSD,4201312_,1175163570
1175154589,https://www.liverpool.com.mx/tienda/pdp/producto/1176019324?skuid=1175154589,PATISH,Bocina portátil Beats Pill x Kim inalámbrica,4201313-Beats Pill Gris Oscuro,1176019324
1175154571,https://www.liverpool.com.mx/tienda/pdp/producto/1175154571?skuid=1175154571,PATISH,Bocina portátil Beats Pill x Kim inalámbrica,4201314-Beats Pill Gris Claro,1175154571
1175162697,https://www.liverpool.com.mx/tienda/pdp/producto/1175162697?skuid=1175162697,PATISH,Audífonos Over-Ear Beats Solo 4 inalámbricos,4201317,1175162697
1176466215,https://www.liverpool.com.mx/tienda/pdp/producto/1176466215?skuid=1176466215,PATISH,Consola fija ps5 de 1 tb edición bundle Playstation,4201310,1176466215
1166093658,https://www.liverpool.com.mx/tienda/pdp/producto/1177214180?skuid=1166093658,PATISH,Motorola edge 50 fusion poled 6.6 pulgadas nuevo,4201293-Rosa 256GB,1177214180
1166093666,https://www.liverpool.com.mx/tienda/pdp/producto/1177214830?skuid=1166093666,PATISH,Motorola edge 50 fusion poled 6.6 pulgadas nuevo,4201360,1177214830
1166093674,https://www.liverpool.com.mx/tienda/pdp/producto/1177216387?skuid=1166093674,PATISH,Motorola Edge 50 Fusion POLED 6.6 pulgadas,4201294_,1177216387
1176741844,https://www.liverpool.com.mx/tienda/pdp/producto/1176741844?skuid=1176741844,PATISH,Laptop Lenovo V15 G4 15.6 pulgadas Full HD Intel Core i7 Intel UHD 16 GB RAM 512 GB SSD,4201309,1176741844
1176963537,https://www.liverpool.com.mx/tienda/pdp/producto/1176963537?skuid=1176963537,PATISH,Laptop touch Dell i3535-A813BLK-PUS 15.6 pulgadas Full HD AMD Ryzen 7 AMD Radeon Graphics 16 GB RAM 512 GB SSD,4201304,1176963537
1169427255,https://www.liverpool.com.mx/tienda/pdp/producto/1177541431?skuid=1169427255,PATISH,Samsung Galaxy A16 Super AMOLED 6.7 pulgadas,Eliminado-210,1177541431
1157822981,https://www.liverpool.com.mx/tienda/pdp/producto/1177805111?skuid=1157822981,PATISH,Apple iphone 13 mini super retina xdr 5.8 pulgadas reacondicionado,4201480-iPhone 13 Mini 128GB Negro,1177805111
1157822957,https://www.liverpool.com.mx/tienda/pdp/producto/1177807822?skuid=1157822957,PATISH,Apple iphone 13 mini super retina xdr 5.8 pulgadas reacondicionado,4201481-iPhone 13 Mini 128GB Blanco,1177807822
1121418254,https://www.liverpool.com.mx/tienda/pdp/producto/1177805340?skuid=1121418254,PATISH,Apple iPhone 11 6.1 pulgadas IPS Reacondicionado,4201873,1177805340
1121417819,https://www.liverpool.com.mx/tienda/pdp/producto/1177808811?skuid=1121417819,PATISH,Apple iPhone 11 6.1 pulgadas IPS Reacondicionado,4201289,1177808811
1121418246,https://www.liverpool.com.mx/tienda/pdp/producto/1177808837?skuid=1121418246,PATISH,Apple iPhone 11 6.1 pulgadas IPS Reacondicionado,4201288,1177808837
1121418238,https://www.liverpool.com.mx/tienda/pdp/producto/1158540327?skuid=1121418238,PATISH,Apple iPhone 11 6.1 pulgadas IPS Reacondicionado,4201290,1158540327
1138045818,https://www.liverpool.com.mx/tienda/pdp/producto/1177809035?skuid=1138045818,PATISH,Apple iPhone 12 6.1 pulgadas Super Retina XDR Reacondicionado,4201844-iPhone 128 128Gb Negro,1177809035
1118653285,https://www.liverpool.com.mx/tienda/pdp/producto/1177809043?skuid=1118653285,PATISH,Apple iPhone 12 MINI 5.4 pulgadas Super Retina XDR Reacondicionado,4201599,1177809043
1177507446,https://www.liverpool.com.mx/tienda/pdp/producto/1177507446?skuid=1177507446,PATISH,Motorola Moto Edge 50 Neo POLED 6.4 pulgadas,4201305,1177507446
1177774061,https://www.liverpool.com.mx/tienda/pdp/producto/1178363456?skuid=1177774061,PATISH,Set de teléfonos Panasonic KX-TGF853S Silver 4 auriculares,4201250,1178363456
1148074174,https://www.liverpool.com.mx/tienda/pdp/producto/1178851451?skuid=1148074174,PATISH,Samsung Galaxy S24+ Dynamic AMOLED 2X 6.7 pulgadas,4201287-Morado 256GB,1178851451
1121418327,https://www.liverpool.com.mx/tienda/pdp/producto/1178865516?skuid=1121418327,PATISH,Apple iPhone 11 6.1 pulgadas IPS Reacondicionado,4201067,1178865516
1110725996,https://www.liverpool.com.mx/tienda/pdp/producto/1179223780?skuid=1110725996,PATISH,Apple iPad Mini 8.3 pulgadas 6a Generación,4201284-Morado 64GB,1179223780
1110727344,https://www.liverpool.com.mx/tienda/pdp/producto/1179223798?skuid=1110727344,PATISH,Apple iPad Mini 8.3 pulgadas 6a Generación,4201271,1179223798
1110725961,https://www.liverpool.com.mx/tienda/pdp/producto/1179223801?skuid=1110725961,PATISH,Apple iPad Mini 8.3 pulgadas 6a Generación,4201285,1179223801
1113988181,https://www.liverpool.com.mx/tienda/pdp/producto/1179450379?skuid=1113988181,PATISH,IPHONE 12 MINI 4GB 128GB NEGRO REACONDICIONADO,4201630_,1179450379
1118653277,https://www.liverpool.com.mx/tienda/pdp/producto/1179450409?skuid=1118653277,PATISH,IPHONE 12 MINI REACONDICIONADO,4201632-Iphone12 Mini128GbBlanco,1179450409
1176741836,https://www.liverpool.com.mx/tienda/pdp/producto/1176741836?skuid=1176741836,PATISH,Laptop Lenovo 82LV0075US 14 pulgadas HD Intel Celeron Integradas 4 GB RAM 128 GB SSD,4201308,1176741836
1177774088,https://www.liverpool.com.mx/tienda/pdp/producto/1177774088?skuid=1177774088,PATISH,Teléfono Panasonic KX-TGM490CS,4201369/4201612,1177774088
1171379748,https://www.liverpool.com.mx/tienda/pdp/producto/1179449869?skuid=1171379748,PATISH,Motorola Moto G75 LCD 6.7 pulgadas,4201270-Gris 256gb,1179449869
1171694261,https://www.liverpool.com.mx/tienda/pdp/producto/1179449893?skuid=1171694261,PATISH,Motorola moto g75 5g lcd 6.7 pulgadas nuevo,4201243-Azul 256gb,1179449893
1179356232,https://www.liverpool.com.mx/tienda/pdp/producto/1179640275?skuid=1179356232,PATISH,Apple iPad 11 11 pulgadas 128 GB de 4 GB RAM Reacondicionado,4201273-Azul 128GB,1179640275
1179355805,https://www.liverpool.com.mx/tienda/pdp/producto/1179647296?skuid=1179355805,PATISH,Tablet Apple Ipad 11 11 pulgadas de 4 GB RAM reacondicionado,4201272-Rosa 128GB,1179647296
1145790481,https://www.liverpool.com.mx/tienda/pdp/producto/1179965425?skuid=1145790481,PATISH,Apple iPhone 13 PRO MAX 6.7 pulgadas AMOLED Reacondicionado,4201238-iPhone13ProMax128GbVerde,1179965425
1145790499,https://www.liverpool.com.mx/tienda/pdp/producto/1179965433?skuid=1145790499,PATISH,Apple iPhone 13 PRO MAX 6.7 pulgadas AMOLED Reacondicionado,4201236-iPhone 13 Pro Max 128GB Gris,1179965433
1145790502,https://www.liverpool.com.mx/tienda/pdp/producto/1179965441?skuid=1145790502,PATISH,Apple iPhone 13 PRO MAX 6.7 pulgadas AMOLED Reacondicionado,4201239,1179965441
1146098874,https://www.liverpool.com.mx/tienda/pdp/producto/1179965450?skuid=1146098874,PATISH,Apple iPhone 13 PRO MAX 6.7 pulgadas AMOLED Reacondicionado,4201237-iPhone 13 Pro Max 128GB Plateado,1179965450
1179695606,https://www.liverpool.com.mx/tienda/pdp/producto/1179695606?skuid=1179695606,PATISH,Laptop gamer Hp Victus 15-FA1029NR 15.6 pulgadas Full HD Intel Core i5 Nvidia GeForce RTX 2050 8 GB RAM 512 GB SSD,4201274,1179695606
1179731025,https://www.liverpool.com.mx/tienda/pdp/producto/1179731025?skuid=1179731025,PATISH,"""kit/set/smartwatch/smartband"" apple apple watch series 7 + audifonos bluetooth ""para"" unisex reacondicionado",4201347_4200087,1179731025
1179731068,https://www.liverpool.com.mx/tienda/pdp/producto/1179731068?skuid=1179731068,PATISH,Apple Watch Series 7 reacondicionado,4201396_4200087,1179731068
1179731033,https://www.liverpool.com.mx/tienda/pdp/producto/1179731033?skuid=1179731033,PATISH,Apple Watch Series 7 reacondicionado,4201398_4200087 Verde 41mm,1179731033
1179731050,https://www.liverpool.com.mx/tienda/pdp/producto/1179731050?skuid=1179731050,PATISH,Apple Watch Series 7 reacondicionado,4201404_4200087 Negro 41mm,1179731050
1179725912,https://www.liverpool.com.mx/tienda/pdp/producto/1179725912?skuid=1179725912,PATISH,"""kit/set/smartwatch/smartband"" apple apple watch series 7 + audifonos bluetooth ""para"" unisex reacondicionado",4201399_4200087 Dorado 41mm,1179725912
1179817655,https://www.liverpool.com.mx/tienda/pdp/producto/1188266122?skuid=1179817655,PATISH,Laptop gamer Hp Victus 15-FA2701WM 15.6 pulgadas Full HD Intel Core i5 NVIDIA GeForce RTX 4050 16 GB RAM 512 GB SSD,4201241,1188266122
1179827537,https://www.liverpool.com.mx/tienda/pdp/producto/1179827537?skuid=1179827537,PATISH,Laptop touch Lenovo 82XM00LMUS 15.6 pulgadas Full HD AMD Ryzen 7 AMD Radeon 16 GB RAM 512 GB SSD,4201242,1179827537
1171555295,https://www.liverpool.com.mx/tienda/pdp/producto/1180369666?skuid=1171555295,PATISH,Motorola Moto G15 LCD 6.7 pulgadas,4201266,1180369666
1171555287,https://www.liverpool.com.mx/tienda/pdp/producto/1180373183?skuid=1171555287,PATISH,Motorola Moto G15 LCD 6.7 pulgadas,4201265-Gris 256GB,1180373183
1171555279,https://www.liverpool.com.mx/tienda/pdp/producto/1180365873?skuid=1171555279,PATISH,Motorola moto g15 lcd 6.7 pulgadas nuevo,4201267,1180365873
1173228712,https://www.liverpool.com.mx/tienda/pdp/producto/1180375518?skuid=1173228712,PATISH,Motorola Moto G55 LCD 6.5 pulgadas,4201269-Negro 256GB,1180375518
1173228704,https://www.liverpool.com.mx/tienda/pdp/producto/1180382697?skuid=1173228704,PATISH,Motorola Moto G55 LCD 6.5 pulgadas,4201268-Rosa 256GB,1180382697
1164289482,https://www.liverpool.com.mx/tienda/pdp/producto/1180387133?skuid=1164289482,PATISH,Samsung Galaxy S24 FE Dynamic AMOLED 2X 6.7 pulgadas desbloqueado,4201487-S24 Fe 8/256 Azul,1180387133
1164289504,https://www.liverpool.com.mx/tienda/pdp/producto/1180370729?skuid=1164289504,PATISH,Samsung Galaxy S24 FE Dynamic AMOLED 2X 6.7 pulgadas desbloqueado,4201485Gris256gb,1180370729
1164289491,https://www.liverpool.com.mx/tienda/pdp/producto/1180383979?skuid=1164289491,PATISH,Samsung Galaxy S24 FE Dynamic AMOLED 2X 6.7 pulgadas desbloqueado,4201486-S24 Fe 8/256 Verde,1180383979
1179937294,https://www.liverpool.com.mx/tienda/pdp/producto/1179937294?skuid=1179937294,PATISH,Apple MacBook 15.3 pulgadas M2 8 GB RAM 256 GB SSD,4201307_4200089Azul M2 15.3,1179937294
1179937286,https://www.liverpool.com.mx/tienda/pdp/producto/1179937286?skuid=1179937286,PATISH,Apple MacBook 15.3 pulgadas M2 8 GB RAM 256 GB SSD,4201306_4200087Dorado M2 15.3,1179937286
1106974256,https://www.liverpool.com.mx/tienda/pdp/producto/1180396191?skuid=1106974256,PATISH,Bocina Portátil JBL Xtreme 3,4201240,1180396191
1180301191,https://www.liverpool.com.mx/tienda/pdp/producto/1180301191?skuid=1180301191,PATISH,"""kit/set/smartwatch/smartband"" apple apple watch ultra 2 gps + lte 49mm titanio + audifonos bluetooth ""para"" unisex reacondicionado",4201233_4200087,1180301191
1180301174,https://www.liverpool.com.mx/tienda/pdp/producto/1180301174?skuid=1180301174,PATISH,"""kit/set/smartwatch/smartband"" apple apple watch ultra 2 gps + lte 49mm titanio + audifonos bluetooth ""para"" unisex reacondicionado",4201234_4200087,1180301174
1180301182,https://www.liverpool.com.mx/tienda/pdp/producto/1180301182?skuid=1180301182,PATISH,Apple Watch Ultra 2,4201232_4200087 Blanco 49mm,1180301182
1180311170,https://www.liverpool.com.mx/tienda/pdp/producto/1180311170?skuid=1180311170,PATISH,Control Sony inalámbrico para playstation 5 edición especial,4201311-Negro,1180311170
1148074280,https://www.liverpool.com.mx/tienda/pdp/producto/1180764018?skuid=1148074280,PATISH,Samsung Galaxy S24 Ultra Dynamic AMOLED 2X 6.8 pulgadas,4201610-SamsungGalaxyS24Ultra12/256GbGris,1180764018
1148074255,https://www.liverpool.com.mx/tienda/pdp/producto/1180762350?skuid=1148074255,PATISH,"SAMSUNG GALAXY S24 ULTR, 256 GB, NEGRO",4201546-SamsungGalaxyS24Ultra12/256GbNegro,1180762350
1135557311,https://www.liverpool.com.mx/tienda/pdp/producto/1153034938?skuid=1135557311,PATISH,Apple iPhone 13 6.1 pulgadas OLED Reacondicionado,4201816_iPhone 13 128GB Rojo,1153034938
1180360421,https://www.liverpool.com.mx/tienda/pdp/producto/1180360421?skuid=1180360421,PATISH,"""kit/set/smartwatch/smartband"" apple apple watch se 2da generacion + audifonos bluetooth ""para"" unisex reacondicionado",4201230_4200087 Dorado44mm,1180360421
1180360430,https://www.liverpool.com.mx/tienda/pdp/producto/1180360430?skuid=1180360430,PATISH,"""kit/set/smartwatch/smartband"" apple apple watch se 2da generacion + audifonos bluetooth ""para"" unisex reacondicionado",4201229_4200087 Plata44mm,1180360430
1180357714,https://www.liverpool.com.mx/tienda/pdp/producto/1180357714?skuid=1180357714,PATISH,"""kit/set/smartwatch/smartband"" apple apple watch se 2da generacion + audifonos bluetooth ""para"" unisex reacondicionado",4201624_4200087 Negro 44mm,1180357714
1180360464,https://www.liverpool.com.mx/tienda/pdp/producto/1180360464?skuid=1180360464,PATISH,"""kit/set/smartwatch/smartband"" apple apple watch se 2da generacion + audifonos bluetooth ""para"" unisex reacondicionado",4201424_4200087 Plata 40mm,1180360464
1180360448,https://www.liverpool.com.mx/tienda/pdp/producto/1180360448?skuid=1180360448,PATISH,"""kit/set/smartwatch/smartband"" apple apple watch se 2da generacion + audifonos bluetooth ""para"" unisex reacondicionado",4201422_4200087,1180360448
1179722026,https://www.liverpool.com.mx/tienda/pdp/producto/1179722026?skuid=1179722026,PATISH,Samsung Galaxy S24 Fe Dynamic AMOLED 2X 6.7 pulgadas Reacondicionado,4200944-Negro 128GB,1179722026
1179722034,https://www.liverpool.com.mx/tienda/pdp/producto/1179722034?skuid=1179722034,PATISH,Samsung Galaxy S24 Fe Dynamic AMOLED 2X 6.7 pulgadas Reacondicionado,4200941-Azul 128GB,1179722034
1179722042,https://www.liverpool.com.mx/tienda/pdp/producto/1179722042?skuid=1179722042,PATISH,Samsung Galaxy S24 Fe Dynamic AMOLED 2X 6.7 pulgadas Reacondicionado,4200943-Menta 128GB,1179722042
1180361151,https://www.liverpool.com.mx/tienda/pdp/producto/1180361151?skuid=1180361151,PATISH,Apple Watch SE 2da Gen,4201296_4200087,1180361151
1177035331,https://www.liverpool.com.mx/tienda/pdp/producto/1180926824?skuid=1177035331,PATISH,Samsung galaxy s25 plus dynamic amoled 2x 6.7 pulgadas desbloqueado nuevo,4201282-Plateado 256GB,1180926824
1177033118,https://www.liverpool.com.mx/tienda/pdp/producto/1180928291?skuid=1177033118,PATISH,Samsung Galaxy S25 Plus Dynamic AMOLED 2X 6.7 pulgadas,4201283-Azul 256GB,1180928291
1177035323,https://www.liverpool.com.mx/tienda/pdp/producto/1180926344?skuid=1177035323,PATISH,Samsung Galaxy S25 Plus Dynamic AMOLED 2X 6.7 pulgadas,4201276-Verde 256GB,1180926344
1180452342,https://www.liverpool.com.mx/tienda/pdp/producto/1180452342?skuid=1180452342,PATISH,Apple iphone 16e super retina xdr 6.1 pulgadas desbloqueado reacondicionado,4200971-iPhone 16e 128GB Negro,1180452342
1180452334,https://www.liverpool.com.mx/tienda/pdp/producto/1180452334?skuid=1180452334,PATISH,Apple iphone 16e super retina xdr 6.1 pulgadas desbloqueado reacondicionado,4201224-iPhone 16e 128GB Blanco,1180452334
1180668019,https://www.liverpool.com.mx/tienda/pdp/producto/1180996911?skuid=1180668019,PATISH,Laptop HP 14-dq3000dx 14 pulgadas HD Intel Celeron Intel UHD 4 GB RAM 64 GB SSD,4201226,1180996911
1180671974,https://www.liverpool.com.mx/tienda/pdp/producto/1181005471?skuid=1180671974,PATISH,Set de teléfonos Panasonic inalámbrico KX-TG3824S 4 auriculares,4201262,1181005471
1180671982,https://www.liverpool.com.mx/tienda/pdp/producto/1181004939?skuid=1180671982,PATISH,Set de teléfonos Panasonic KX-TG7122SK 2 auriculares,4202182,1181004939
1172089093,https://www.liverpool.com.mx/tienda/pdp/producto/1181001841?skuid=1172089093,PATISH,Consola Xbox Series S de 1 TB edición digital,4201328,1181001841
1180664480,https://www.liverpool.com.mx/tienda/pdp/producto/1180664480?skuid=1180664480,PATISH,Consola fija ps5 de 1 tb edición digital Playstation call of duty,4201227,1180664480
1180667209,https://www.liverpool.com.mx/tienda/pdp/producto/1180667209?skuid=1180667209,PATISH,Consola fija xbox one series x de 1 tb edición digital Xbox,4201440-4200087,1180667209
1180452288,https://www.liverpool.com.mx/tienda/pdp/producto/1181094202?skuid=1180452288,PATISH,Apple Watch SE GPS+LTE,4201852_4200087 Negro 44mm,1181094202
1180447080,https://www.liverpool.com.mx/tienda/pdp/producto/1181101853?skuid=1180447080,PATISH,Apple Watch SE 2da Gen 44 mm Negro GPS+LTE,4201228_4200087,1181101853
1180447161,https://www.liverpool.com.mx/tienda/pdp/producto/1181105832?skuid=1180447161,PATISH,Laptop Apple Macbook Air M3 15.3 pulgadas Full HD M3 Integradas 8 GB RAM 256 GB SSD Reacondicionado,4201330_4200087Plata M3 153,1181105832
1180674230,https://www.liverpool.com.mx/tienda/pdp/producto/1180674230?skuid=1180674230,PATISH,Teléfono Panasonic KX-TGC350B,4201387,1180674230
1180686653,https://www.liverpool.com.mx/tienda/pdp/producto/1180686653?skuid=1180686653,PATISH,Teléfono Panasonic KX-TGW420B,4201245,1180686653
1156519321,https://www.liverpool.com.mx/tienda/pdp/producto/1181253327?skuid=1156519321,PATISH,Apple iPhone 15 6.1 pulgadas OLED Reacondicionado,4201353_iPhone 15 128GB Negro,1181253327
1156518111,https://www.liverpool.com.mx/tienda/pdp/producto/1181253441?skuid=1156518111,PATISH,Apple iPhone 15 6.1 pulgadas OLED Reacondicionado,4201776_iPhone 15 128GB Azul,1181253441
1156519339,https://www.liverpool.com.mx/tienda/pdp/producto/1181253416?skuid=1156519339,PATISH,Apple iPhone 15 6.1 pulgadas OLED Reacondicionado,4201633_,1181253416
1180984468,https://www.liverpool.com.mx/tienda/pdp/producto/1180984468?skuid=1180984468,PATISH,Consola fija/portátil nintendo switch de 256 gb Nintendo mario kart,4201235_4200087,1180984468
1154156476,https://www.liverpool.com.mx/tienda/pdp/producto/1181587918?skuid=1154156476,PATISH,Laptop Apple MacBook 13 pulgadas HD Intel Core i5 Intel UHD Graphics 600 8 GB RAM 128 GB SSD Reacondicionado,4201445_,1181587918
1144839141,https://www.liverpool.com.mx/tienda/pdp/producto/1181593098?skuid=1144839141,PATISH,Audífonos Over-Ear Beats Studio Pro inalámbricos con cancelación de ruido,4201549.,1181593098
1091746359,https://www.liverpool.com.mx/tienda/pdp/producto/1181587098?skuid=1091746359,PATISH,Audífonos on - ear Beats Solo3 - La Icon Collection Inalámbricos,4201438-Solo3 Negro,1181587098
1157335371,https://www.liverpool.com.mx/tienda/pdp/producto/1181589201?skuid=1157335371,PATISH,Audífonos on-ear Beats MUW23BE/A alámbricos e inalámbricos,4201531-Solo4 Azul,1181589201
1131824790,https://www.liverpool.com.mx/tienda/pdp/producto/1181656278?skuid=1131824790,PATISH,Bocina portátil jbl charge 5 inalámbrica,4201402-Charge 5 Rojo,1181656278
1181063595,https://www.liverpool.com.mx/tienda/pdp/producto/1181063595?skuid=1181063595,PATISH,Motorola Moto G55 8/256 LCD 6.5 pulgadas,4201269_4200087Negro 256GB,1181063595
1181063587,https://www.liverpool.com.mx/tienda/pdp/producto/1181063587?skuid=1181063587,PATISH,Motorola Moto G55 8/256 LCD 6.5 pulgadas,4201268_4200087Rosa 256GB,1181063587
1167426031,https://www.liverpool.com.mx/tienda/pdp/producto/1181663606?skuid=1167426031,PATISH,Samsung Galaxy A16 Super AMOLED 6.7 pulgadas,4201216-Plata 256GB,1181663606
1171425758,https://www.liverpool.com.mx/tienda/pdp/producto/1181647490?skuid=1171425758,PATISH,Samsung Galaxy A16 AMOLED 6.7 pulgadas,4201216-Gris 256GB,1181647490
1175388733,https://www.liverpool.com.mx/tienda/pdp/producto/1181643583?skuid=1175388733,PATISH,Samsung Galaxy A56 Super AMOLED 6.7 pulgadas,4201215-Negro256GB,1181643583
1145790472,https://www.liverpool.com.mx/tienda/pdp/producto/1181678590?skuid=1145790472,PATISH,Apple iPhone 13 PRO MAX 6.7 pulgadas AMOLED Reacondicionado,4201214-iPhone 13 Pro Max 128GB Dorado,1181678590
1181028528,https://www.liverpool.com.mx/tienda/pdp/producto/1181028528?skuid=1181028528,PATISH,Consola PS5 de 1 TB edición bundle Astro Bot,4201220_4200087,1181028528
1181284923,https://www.liverpool.com.mx/tienda/pdp/producto/1181791124?skuid=1181284923,PATISH,Audífonos in-ear Apple Airpods 3ª generación inalámbrica reacondicionado,4201568.,1181791124
1181288058,https://www.liverpool.com.mx/tienda/pdp/producto/1181787780?skuid=1181288058,PATISH,Laptop thin & light Apple Macbook Air 2017 13.3 pulgadas HD Intel Core i5 integradas 8 GB RAM 128 GB SSD reacondicionado,4201162,1181787780
1181422471,https://www.liverpool.com.mx/tienda/pdp/producto/1181852883?skuid=1181422471,PATISH,Bocina portátil JBL Xtreme 3 inalámbrica,4201240_4200087,1181852883
1181435301,https://www.liverpool.com.mx/tienda/pdp/producto/1181852506?skuid=1181435301,PATISH,"""tablet"" apple ipad mini 6ta generacion 64gb 8 pulgadas 64 gb ""de"" 4 gb ""ram"" nuevo",4201284_4200087Morado 64GB,1181852506
1181435310,https://www.liverpool.com.mx/tienda/pdp/producto/1181868313?skuid=1181435310,PATISH,"""tablet"" apple ipad mini 6ta generacion 64gb 8 pulgadas 64 gb ""de"" 4 gb ""ram"" nuevo",4201285_4200085Gris 64GB,1181868313
1181496939,https://www.liverpool.com.mx/tienda/pdp/producto/1181496939?skuid=1181496939,PATISH,"Laptop Hp 14"" procesador Intel n150 Natural Silver 14-dq6011dx 14 pulgadas HD Intel Celeron integradas 4 GB RAM 128 GB SSD",4201219,1181496939
1180930325,https://www.liverpool.com.mx/tienda/pdp/producto/1180930325?skuid=1180930325,PATISH,Samsung Galaxy s25 Ultra Dynamic AMOLED 2X 6.9 pulgadas Reacondicionado,4201301_4200087,1180930325
1163617141,https://www.liverpool.com.mx/tienda/pdp/producto/1181843752?skuid=1163617141,PATISH,Lentes de realidad virtual Sony para ps5,4201426_,1181843752
1177959053,https://www.liverpool.com.mx/tienda/pdp/producto/1182310936?skuid=1177959053,PATISH,Apple iPhone 15 6.1 pulgadas AMOLED Reacondicionado,4201353--iPhone 15 128GB Negro,1182310936
1177958961,https://www.liverpool.com.mx/tienda/pdp/producto/1182310995?skuid=1177958961,PATISH,Apple iPhone 15 6.1 pulgadas AMOLED Reacondicionado,4201633--iPhone 15 128GB Rosa,1182310995
1177957808,https://www.liverpool.com.mx/tienda/pdp/producto/1182310952?skuid=1177957808,PATISH,Apple iPhone 15 6.1 pulgadas AMOLED Reacondicionado,4201634-Iphone15128GbVerde,1182310952
1177959029,https://www.liverpool.com.mx/tienda/pdp/producto/1182310944?skuid=1177959029,PATISH,Apple iPhone 15 6.1 pulgadas AMOLED Reacondicionado,4201776-iPhone 15 128GB Azul,1182310944
1156519347,https://www.liverpool.com.mx/tienda/pdp/producto/1182311681?skuid=1156519347,PATISH,Apple iPhone 15 6.1 pulgadas OLED Reacondicionado,4201634--Iphone15128GbVerde,1182311681
1177028688,https://www.liverpool.com.mx/tienda/pdp/producto/1182324015?skuid=1177028688,PATISH,Samsung Galaxy S25 Ultra Dynamic AMOLED 2X 6.9 pulgadas desbloqueado,Eliminado110,1182324015
1177028653,https://www.liverpool.com.mx/tienda/pdp/producto/1182323094?skuid=1177028653,PATISH,Samsung Galaxy S25 Ultra Dynamic AMOLED 2X 6.9 pulgadas desbloqueado,4201301,1182323094
1177028661,https://www.liverpool.com.mx/tienda/pdp/producto/1182323124?skuid=1177028661,PATISH,Samsung Galaxy S25 Ultra Dynamic AMOLED 2X 6.9 pulgadas desbloqueado,4201302,1182323124
1153500882,https://www.liverpool.com.mx/tienda/pdp/producto/1182311991?skuid=1153500882,PATISH,Samsung Galaxy S24 Ultra Dual AMOLED 6.6 pulgadas,4201546-Negro 256GB,1182311991
1150904851,https://www.liverpool.com.mx/tienda/pdp/producto/1182312009?skuid=1150904851,PATISH,Samsung galaxy s24 ultra dynamic amoled 2x 6.8 pulgadas nuevo,4201546--SamsungGalaxyS24Ultra12/256GbNegro,1182312009
1150904885,https://www.liverpool.com.mx/tienda/pdp/producto/1182312017?skuid=1150904885,PATISH,Samsung galaxy s24 ultra dynamic amoled 2x 6.8 pulgadas nuevo,4201610--SamsungGalaxyS24Ultra12/256GbGris,1182312017
1171689640,https://www.liverpool.com.mx/tienda/pdp/producto/1182304529?skuid=1171689640,PATISH,Samsung Galaxy S25+ AMOLED 6.7 pulgadas,4201283-,1182304529
1181586695,https://www.liverpool.com.mx/tienda/pdp/producto/1181586695?skuid=1181586695,PATISH,Tablet Apple iPad Air M1 gris espacial 11 pulgadas 64 GB de 8 GB RAM,4201218-Negro64GB,1181586695
1160234616,https://www.liverpool.com.mx/tienda/pdp/producto/1182701188?skuid=1160234616,PATISH,Laptop gamer Hp 15-FA1163DX 15.6 pulgadas Full HD Intel Core i7 NVIDIA GeForce RTX 4050 16 GB RAM 512 GB SSD,4201212,1182701188
1172346011,https://www.liverpool.com.mx/tienda/pdp/producto/1182694360?skuid=1172346011,PATISH,Laptop gamer Lenovo LOQ 15ARP9 15.6 pulgadas Full HD AMD Ryzen 7 NVIDIA GeForce RTX 4050 24 GB RAM 512 GB SSD,4201205,1182694360
1180669201,https://www.liverpool.com.mx/tienda/pdp/producto/1182772450?skuid=1180669201,PATISH,Consola portátil nintendo switch de 256 gb Nintendo,4201198Switch2Solo,1182772450
1177035340,https://www.liverpool.com.mx/tienda/pdp/producto/1182803266?skuid=1177035340,PATISH,Samsung galaxy s25 plus dynamic amoled 2x 6.7 pulgadas desbloqueado nuevo,Eliminado109,1182803266
1177035358,https://www.liverpool.com.mx/tienda/pdp/producto/1182803282?skuid=1177035358,PATISH,Samsung galaxy s25 plus dynamic amoled 2x 6.7 pulgadas desbloqueado nuevo,4201203-Azul 512GB,1182803282
1129961208,https://www.liverpool.com.mx/tienda/pdp/producto/1182875780?skuid=1129961208,PATISH,Apple iPhone 13 6.1 pulgadas Super Retina XDR Reacondicionado,4201673-iPhone 13 256Gb Negro,1182875780
1137499998,https://www.liverpool.com.mx/tienda/pdp/producto/1182875968?skuid=1137499998,PATISH,Apple iphone 12 oled 6.1 pulgadas reacondicionado,4201848_iPhone 12 128GB Verde,1182875968
1182358611,https://www.liverpool.com.mx/tienda/pdp/producto/1182358611?skuid=1182358611,PATISH,Laptop gamer Hp Laptop HP Victus Gamer 15.6 pulgadas Full HD Intel Core i7 NVIDIA GeForce RTX 4050 16 GB RAM 512 GB SSD,4201212-,1182358611
1182358602,https://www.liverpool.com.mx/tienda/pdp/producto/1182358602?skuid=1182358602,PATISH,Laptop 2 en 1 touch HP Omnibook 5 Flip 14 pulgadas 2K Intel Core 5 210H 8 GB RAM 512 GB SSD,4201213,1182358602
1182362073,https://www.liverpool.com.mx/tienda/pdp/producto/1182362073?skuid=1182362073,PATISH,Laptop gamer HP HP Victus 15-FA1163dX 15.6 pulgadas Full HD Intel Core i5 NVIDIA GefFrce RTX 4050 16 GB RAM 512 GB SSD,4201241-,1182362073
1182684828,https://www.liverpool.com.mx/tienda/pdp/producto/1182684828?skuid=1182684828,PATISH,Laptop Hp 250 g10 bj2x3 15.6 pulgadas Full HD Intel Core i7 Intel Iris XE 16 GB RAM 512 GB SSD,4201206,1182684828
1152596550,https://www.liverpool.com.mx/tienda/pdp/producto/1183409065?skuid=1152596550,PATISH,Tablet Samsung Galaxy Tab A9+ 11 pulgadas de 4 GB RAM,4201194-Negro 4/64GB,1183409065
1152596541,https://www.liverpool.com.mx/tienda/pdp/producto/1183407640?skuid=1152596541,PATISH,Tablet Samsung Galaxy Tab A9+ 11 pulgadas de 4 GB RAM,4201195-Plata 4/64GB,1183407640
1181759565,https://www.liverpool.com.mx/tienda/pdp/producto/1183407305?skuid=1181759565,PATISH,Laptop gamer Hp Victus 15.6 pulgadas Full HD Intel Core i5 NVIDIA GeForce RTX 3050 8 GB RAM 512 GB SSD,4201204,1183407305
1170197140,https://www.liverpool.com.mx/tienda/pdp/producto/1183408506?skuid=1170197140,PATISH,Samsung Galaxy S25+ Dynamic AMOLED 2X 6.7 pulgadas desbloqueado,4201201-Plata 512GB,1183408506
1182560738,https://www.liverpool.com.mx/tienda/pdp/producto/1183407674?skuid=1182560738,PATISH,Consola portátil Nintendo Switch 2 256 GB edición especial Mario Bros,4201235-,1183407674
1182141417,https://www.liverpool.com.mx/tienda/pdp/producto/1183407089?skuid=1182141417,PATISH,Consola fija/portátil de 256 gb edición estándar Nintendo mario kart,4201235--,1183407089
1182927551,https://www.liverpool.com.mx/tienda/pdp/producto/1182927551?skuid=1182927551,PATISH,Smartwatch Apple Watch Se Nike unisex integrado,4201210/4201910,1182927551
1182927542,https://www.liverpool.com.mx/tienda/pdp/producto/1182927542?skuid=1182927542,PATISH,Smartwatch Apple Watch Se Nike unisex integrado,421209_4200087,1182927542
1183249637,https://www.liverpool.com.mx/tienda/pdp/producto/1183249637?skuid=1183249637,PATISH,Laptop HP 14-DQ6014DX 14 pulgadas HD Intel Celeron Integradas 4 GB RAM 128 GB SSD,4201197,1183249637
1169776331,https://www.liverpool.com.mx/tienda/pdp/producto/1183967467?skuid=1169776331,PATISH,Motorola motorola moto edge 50 5g poled 6.7 pulgadas nuevo,4201185-Edge 50 12/512 Verde,1183967467
1183387169,https://www.liverpool.com.mx/tienda/pdp/producto/1183387169?skuid=1183387169,PATISH,Laptop touch Hp 15.6 pulgadas HD Intel Core i3 Intel UHD 8 GB RAM 256 GB SSD,4201196,1183387169
1183391387,https://www.liverpool.com.mx/tienda/pdp/producto/1183391387?skuid=1183391387,PATISH,Laptop Hp 14-dq6012dx 14 pulgadas HD Intel Celeron integradas 4 GB RAM 128 GB SSD,4201191,1183391387
1184241834,https://www.liverpool.com.mx/tienda/pdp/producto/1184836609?skuid=1184241834,PATISH,Laptop Dell 79N4M 15.6 pulgadas Full HD Intel Core i3 Intel UHD Graphics 8 GB RAM 512 GB SSD,4201190,1184836609
1100132300,https://www.liverpool.com.mx/tienda/pdp/producto/1184826557?skuid=1100132300,PATISH,Consola fija xbox series s de 512 gb Microsoft,Eliminado195,1184826557
1179355813,https://www.liverpool.com.mx/tienda/pdp/producto/1179355813?skuid=1179355813,PATISH,Tablet Apple Ipad 11 11 pulgadas de 4 GB RAM reacondicionado,4201223-Plata 128GB,1179355813
1169259301,https://www.liverpool.com.mx/tienda/pdp/producto/1184837982?skuid=1169259301,PATISH,Apple iPhone 14 6.1 pulgadas Super Retina XDR Reacondicionado,Eliminado106,1184837982
1169259298,https://www.liverpool.com.mx/tienda/pdp/producto/1184825861?skuid=1169259298,PATISH,Apple iPhone 14 6.1 pulgadas Super Retina XDR Reacondicionado,Eliminado105,1184825861
1159250934,https://www.liverpool.com.mx/tienda/pdp/producto/1184957651?skuid=1159250934,PATISH,Apple iphone 14 plus super retina xdr 6.7 pulgadas reacondicionado,4201169-iPhone 14 Plus 128gb Negro,1184957651
1169259280,https://www.liverpool.com.mx/tienda/pdp/producto/1185250039?skuid=1169259280,PATISH,Apple iPhone 14 6.1 pulgadas Super Retina XDR Reacondicionado,Eliminado107,1185250039
1184864301,https://www.liverpool.com.mx/tienda/pdp/producto/1184864301?skuid=1184864301,PATISH,Samsung Galaxy S25+ Dynamic AMOLED 2X 6.7 pulgadas Reacondicionado,4201201-Plata512GB,1184864301
1184859340,https://www.liverpool.com.mx/tienda/pdp/producto/1184859340?skuid=1184859340,PATISH,Samsung Galaxy s25 Dynamic AMOLED 2X 6.2 pulgadas Reacondicionado,4201179-S25 12/256 PlataAbierto,1184859340
1184859331,https://www.liverpool.com.mx/tienda/pdp/producto/1184859331?skuid=1184859331,PATISH,Samsung Galaxy s25 Dynamic AMOLED 2X 6.2 pulgadas Reacondicionado,4201181-S25 12/256 Azul,1184859331
1184859323,https://www.liverpool.com.mx/tienda/pdp/producto/1184859323?skuid=1184859323,PATISH,Samsung Galaxy s25 Dynamic AMOLED 2X 6.2 pulgadas Reacondicionado,4201180-S25 12/256 Verde,1184859323
1148074310,https://www.liverpool.com.mx/tienda/pdp/producto/1185250942?skuid=1148074310,PATISH,"SAMSUNG GALAXY S24 ULT, 256 GB, MORADO",4201609-S24 Ultra 12/256Gb Morado,1185250942
1184699598,https://www.liverpool.com.mx/tienda/pdp/producto/1184699598?skuid=1184699598,PATISH,Laptop Dell DC15250 15.6 pulgadas Full HD Intel Core i5 Intel Iris XE 8 GB RAM 512 GB SSD,4201189,1184699598
1150669118,https://www.liverpool.com.mx/tienda/pdp/producto/1185371863?skuid=1150669118,PATISH,Samsung Galaxy A35 5G Super AMOLED 6.6 pulgadas,4201512-A35  256Gb Navy,1185371863
1185235668,https://www.liverpool.com.mx/tienda/pdp/producto/1185235668?skuid=1185235668,PATISH,Apple iPhone 14 Plus 6.7 pulgadas Super Retina XDR Reacondicionado,4201168- Iphone 14 Plus 128Gb Amarillo,1185235668
1184819810,https://www.liverpool.com.mx/tienda/pdp/producto/1184819810?skuid=1184819810,PATISH,Smartwatch Apple Watch SE 2da Gen + LTE unisex con GPS Reacondicionado,4201199-4200087 Dorado 44mm,1184819810
1184819801,https://www.liverpool.com.mx/tienda/pdp/producto/1184819801?skuid=1184819801,PATISH,Smartwatch Apple Watch SE 2da Gen + LTE unisex con GPS Reacondicionado,4201200-4200087 44mm Plata,1184819801
1168681557,https://www.liverpool.com.mx/tienda/pdp/producto/1185552248?skuid=1168681557,PATISH,Samsung galaxy a16 super amoled 6.7 pulgadas nuevo,4201143-Negro 128Gb,1185552248
1094911881,https://www.liverpool.com.mx/tienda/pdp/producto/1185638193?skuid=1094911881,PATISH,Consola Portátil Nintendo Switch Lite 32 GB,4201090-Coral,1185638193
1171694864,https://www.liverpool.com.mx/tienda/pdp/producto/1185638398?skuid=1171694864,PATISH,Consola portátil Nintendo Switch Lite 32 GB edición estándar,4201091--Azul,1185638398
1129961046,https://www.liverpool.com.mx/tienda/pdp/producto/1165701727?skuid=1129961046,PATISH,Apple iPhone 13 6.1 pulgadas Super Retina XDR Reacondicionado,4201812_iPhone 13 128Gb Negro,1165701727
1185235587,https://www.liverpool.com.mx/tienda/pdp/producto/1185830531?skuid=1185235587,PATISH,Consola fija ps5 de 1 tb Sony,4201666-4200087 Ps5 Fisico,1185830531
1184861131,https://www.liverpool.com.mx/tienda/pdp/producto/1184861131?skuid=1184861131,PATISH,Apple iPad Air M1 11 pulgadas 64 GB 8 GB RAM,4201192_4200087 iPad Air 5 Morado,1184861131
1184865242,https://www.liverpool.com.mx/tienda/pdp/producto/1184865242?skuid=1184865242,PATISH,Apple Apple Watch Series 9,4201170-Watch 9 45mm Rosa,1184865242
1184865234,https://www.liverpool.com.mx/tienda/pdp/producto/1184865234?skuid=1184865234,PATISH,Apple Apple Watch Series 9,4201193-Watch Serie 9 45mm Plata,1184865234
1184865226,https://www.liverpool.com.mx/tienda/pdp/producto/1184865226?skuid=1184865226,PATISH,Apple Apple Watch Series 9,4201171-Watch Serie 9 45mm Negro,1184865226
1184988751,https://www.liverpool.com.mx/tienda/pdp/producto/1186305856?skuid=1184988751,PATISH,Consola fija/portátil nintendo switch de 256 gb Nintendo Switch mario kart world,4201235,1186305856
1184988743,https://www.liverpool.com.mx/tienda/pdp/producto/1186306739?skuid=1184988743,PATISH,Consola fija/portátil nintendo switch de 256 gb Nintendo Switch reacondicionado,4200986,1186306739
1185227495,https://www.liverpool.com.mx/tienda/pdp/producto/1185227495?skuid=1185227495,PATISH,Apple Macbook Air 13.3 pulgadas M1 8 GB RAM 128 GB SSD Gris Espacial Reacondicionado,4201167,1185227495
1185518112,https://www.liverpool.com.mx/tienda/pdp/producto/1186283798?skuid=1185518112,PATISH,Laptop touch Lenovo IdeaPad 1 15AMN7 15.6 pulgadas Full HD AMD Ryzen 5 AMD Radeon 8 GB RAM 256 GB SSD,4201165,1186283798
1180890463,https://www.liverpool.com.mx/tienda/pdp/producto/1186294692?skuid=1180890463,PATISH,Laptop Asus x1404va-i712512 14 pulgadas Full HD Intel Core i7 UHD graphics 12 GB RAM 512 GB SSD,Eliminado53,1186294692
1183822167,https://www.liverpool.com.mx/tienda/pdp/producto/1186292789?skuid=1183822167,PATISH,Consola PS5 de 1 TB edición bundle Call of Duty,4201161,1186292789
1186267130,https://www.liverpool.com.mx/tienda/pdp/producto/1186267130?skuid=1186267130,PATISH,Laptop Lenovo IdeaPad Slim 3 15.6 pulgadas Full HD Intel Core i3 Integradas 8 GB RAM 128 GB SSD,4201166,1186267130
1186278255,https://www.liverpool.com.mx/tienda/pdp/producto/1186278255?skuid=1186278255,PATISH,Laptop Asus X1404V-I712512 14 pulgadas Full HD Intel Core i7 Intel Iris XE 12 GB RAM 512 GB SSD,Eliminado52,1186278255
1186394026,https://www.liverpool.com.mx/tienda/pdp/producto/1186394026?skuid=1186394026,PATISH,Samsung A56 5G Super AMOLED 6.7 pulgadas,4201160-A56 Gris Claro,1186394026
1186669416,https://www.liverpool.com.mx/tienda/pdp/producto/1186669416?skuid=1186669416,PATISH,Samsung Galaxy S24 FE Dynamic AMOLED 2X 6.7 pulgadas,4201275--Negro 128GB,1186669416
1186670724,https://www.liverpool.com.mx/tienda/pdp/producto/1186670724?skuid=1186670724,PATISH,Samsung Galaxy S24 FE Dynamic AMOLED 2X 6.7 pulgadas,4201280--Azul 128GB,1186670724
1186670759,https://www.liverpool.com.mx/tienda/pdp/producto/1186670759?skuid=1186670759,PATISH,Samsung Galaxy S25 Dynamic AMOLED 2X 6.2 pulgadas,4201181--S25 12/256 Azul,1186670759
1186670741,https://www.liverpool.com.mx/tienda/pdp/producto/1186670741?skuid=1186670741,PATISH,Samsung Galaxy S25 Dynamic AMOLED 2X 6.2 pulgadas,4201180--S25 12/256 Verde,1186670741
1186670732,https://www.liverpool.com.mx/tienda/pdp/producto/1186670732?skuid=1186670732,PATISH,Samsung Galaxy S25 Dynamic AMOLED 2X 6.2 pulgadas,4201179--S25 12/256 Plata,1186670732
1186405010,https://www.liverpool.com.mx/tienda/pdp/producto/1187012089?skuid=1186405010,PATISH,Apple iPhone 14 6.1 pulgadas Super Retina XDR Reacondicionado,4201533-iPhone 14 128GB Negro,1187012089
1186404986,https://www.liverpool.com.mx/tienda/pdp/producto/1187000315?skuid=1186404986,PATISH,Apple iPhone 14 6.1 pulgadas Super Retina XDR Reacondicionado,4201466-iPhone 14 128GB Azul,1187000315
1186404994,https://www.liverpool.com.mx/tienda/pdp/producto/1186995011?skuid=1186404994,PATISH,Apple iPhone 14 6.1 pulgadas Super Retina XDR Reacondicionado,4201534-iPhone 14 128GB Rojo,1186995011
1186405125,https://www.liverpool.com.mx/tienda/pdp/producto/1187020090?skuid=1186405125,PATISH,Apple iPhone 14 6.1 pulgadas Super Retina XDR Reacondicionado,4201291 iPhone 14 128GB Blanco,1187020090
1186404498,https://www.liverpool.com.mx/tienda/pdp/producto/1186986730?skuid=1186404498,PATISH,Apple iPhone 14 6.1 pulgadas Super Retina XDR Reacondicionado,4201178--iPhone 14 256GB Negro,1186986730
1186405222,https://www.liverpool.com.mx/tienda/pdp/producto/1186977668?skuid=1186405222,PATISH,Apple iPhone 14 6.1 pulgadas Super Retina XDR Reacondicionado,4201176--iPhone 14 Azul 256GB,1186977668
1186404471,https://www.liverpool.com.mx/tienda/pdp/producto/1186974855?skuid=1186404471,PATISH,Apple iPhone 14 6.1 pulgadas Super Retina XDR Reacondicionado,4201175--iPhone 14 256Gb Morado,1186974855
1170197123,https://www.liverpool.com.mx/tienda/pdp/producto/1186974201?skuid=1170197123,PATISH,Samsung Galaxy S25+ Dynamic AMOLED 2X 6.7 pulgadas desbloqueado,4201202--Verde 512GB,1186974201
1170197221,https://www.liverpool.com.mx/tienda/pdp/producto/1186999203?skuid=1170197221,PATISH,Samsung Galaxy S25 Ultra Dynamic AMOLED 2X 6.9 pulgadas,Eliminado168,1186999203
1162019488,https://www.liverpool.com.mx/tienda/pdp/producto/1186974405?skuid=1162019488,PATISH,Xiaomi redmi note 13 amoled 6.6 pulgadas nuevo,4201738--Negro 256GB,1186974405
1179242105,https://www.liverpool.com.mx/tienda/pdp/producto/1187178858?skuid=1179242105,PATISH,Laptop touch Dell Latitude 5420 14 pulgadas Full HD Intel Core i7 Intel UHD 16 GB RAM 512 GB SSD Reacondicionado,4201153,1187178858
1148580657,https://www.liverpool.com.mx/tienda/pdp/producto/1173645089?skuid=1148580657,PATISH,Apple iPhone 14 Pro Max 6.7 pulgadas AMOLED Reacondicionado,4201149 iPhone 14 Pro max 128Gb Negro,1173645089
1129961151,https://www.liverpool.com.mx/tienda/pdp/producto/1148657226?skuid=1129961151,PATISH,Apple iPhone 13 Super Retina XDR 6.1 pulgadas desbloqueado reacondicionado,4201814--iPhone 13 128GB Azul,1148657226
1164289512,https://www.liverpool.com.mx/tienda/pdp/producto/1187723724?skuid=1164289512,PATISH,Samsung Galaxy S24 FE Dynamic AMOLED 2X 6.7 pulgadas desbloqueado,4201485-S24 Fe 8/256 Negro,1187723724
1148580584,https://www.liverpool.com.mx/tienda/pdp/producto/1187716817?skuid=1148580584,PATISH,Apple iPhone 14 Pro Max 6.7 pulgadas AMOLED Reacondicionado,4201148 iPhone 14 Pro max 128Gb Morado,1187716817
1166801423,https://www.liverpool.com.mx/tienda/pdp/producto/1187903561?skuid=1166801423,PATISH,Motorola G85 5G POLED 6.6 pulgadas,4201472-Moto G85 Verde,1187903561
1166800516,https://www.liverpool.com.mx/tienda/pdp/producto/1187901835?skuid=1166800516,PATISH,Motorola G85 5G POLED 6.6 pulgadas,4201494-Moto G85 Azul,1187901835
1170197131,https://www.liverpool.com.mx/tienda/pdp/producto/1188057035?skuid=1170197131,PATISH,Samsung Galaxy S25+ Dynamic AMOLED 2X 6.7 pulgadas desbloqueado,4201203--Azul 512GB,1188057035
1187379471,https://www.liverpool.com.mx/tienda/pdp/producto/1188127742?skuid=1187379471,PATISH,Laptop HP 14-dq6013dx 14 pulgadas HD Intel Celeron Intel UHD 4 GB RAM 128 GB SSD,4201159,1188127742
1187328175,https://www.liverpool.com.mx/tienda/pdp/producto/1188153018?skuid=1187328175,PATISH,Laptop Lenovo V15 01BIN 15.6 pulgadas Full HD AMD Ryzen 5 AMD Radeon 16 GB RAM 512 GB SSD,4201157,1188153018
1187379489,https://www.liverpool.com.mx/tienda/pdp/producto/1188141672?skuid=1187379489,PATISH,Laptop HP 14-dq6015dx 14 pulgadas HD Intel Celeron Intel UHD 4 GB RAM 128 GB SSD,4201188,1188141672
1113457437,https://www.liverpool.com.mx/tienda/pdp/producto/1188284376?skuid=1113457437,PATISH,Laptop Dell P3K47 14 pulgadas HD Intel Core i5 Intel Iris XE 8 GB RAM 256 GB SSD,4201138,1188284376
1150079451,https://www.liverpool.com.mx/tienda/pdp/producto/1188284384?skuid=1150079451,PATISH,Laptop Dell 14 pulgadas Full HD Intel Core i5 Intel Iris XE 16 GB RAM 512 GB SSD,4201129,1188284384
1187328183,https://www.liverpool.com.mx/tienda/pdp/producto/1187328183?skuid=1187328183,PATISH,Laptop Lenovo IdeaPad Slim 3 82XM0151IN 15.6 pulgadas Full HD AMD Ryzen 7 AMD Radeon 16 GB RAM 512 GB SSD,4200889,1187328183
1168681549,https://www.liverpool.com.mx/tienda/pdp/producto/1188291585?skuid=1168681549,PATISH,Samsung galaxy a16 super amoled 6.7 pulgadas nuevo,4201142-Gris 128Gb,1188291585
1168681531,https://www.liverpool.com.mx/tienda/pdp/producto/1188291615?skuid=1168681531,PATISH,Samsung galaxy a16 super amoled 6.7 pulgadas nuevo,4201141-Verde 128Gb,1188291615
1170555526,https://www.liverpool.com.mx/tienda/pdp/producto/1188291640?skuid=1170555526,PATISH,Samsung Galaxy A16 Super AMOLED 6.7 pulgadas,4201143--Negro 128Gb,1188291640
1170555011,https://www.liverpool.com.mx/tienda/pdp/producto/1188291976?skuid=1170555011,PATISH,Samsung Galaxy A16 Super AMOLED 6.7 pulgadas,4201142--Gris 128Gb,1188291976
1166800508,https://www.liverpool.com.mx/tienda/pdp/producto/1188467551?skuid=1166800508,PATISH,Motorola G85 5G POLED 6.6 pulgadas,4201491--Gris 256GB,1188467551
1162027286,https://www.liverpool.com.mx/tienda/pdp/producto/1188675944?skuid=1162027286,PATISH,Audífonos On-Ear Beats Solo³ Wireless inalámbricos,4201438--Solo3 Negro,1188675944
1188095476,https://www.liverpool.com.mx/tienda/pdp/producto/1188812119?skuid=1188095476,PATISH,Laptop gamer Lenovo 83JC00GKUS 15.6 pulgadas Full HD AMD Ryzen 5 NVIDIA GeForce RTX 4050 12 GB RAM 512 GB SSD,4201140,1188812119
1170306348,https://www.liverpool.com.mx/tienda/pdp/producto/1188817528?skuid=1170306348,PATISH,Motorola Moto G55 LCD 6.5 pulgadas,4201269--Negro 256GB,1188817528
1172483425,https://www.liverpool.com.mx/tienda/pdp/producto/1188817544?skuid=1172483425,PATISH,Motorola Moto G55 LCD 6.5 pulgadas,4201268--Rosa 256GB,1188817544
1183042251,https://www.liverpool.com.mx/tienda/pdp/producto/1188817561?skuid=1183042251,PATISH,Motorola G55 LCD 6.5 pulgadas,4201269_Negro 256GB,1188817561
1183018147,https://www.liverpool.com.mx/tienda/pdp/producto/1189036619?skuid=1183018147,PATISH,Laptop Lenovo IdeaPad 1 14 pulgadas HD Intel Celeron Intel UHD Graphics 4 GB RAM 128 GB eMMC,4201308_,1189036619
1158643509,https://www.liverpool.com.mx/tienda/pdp/producto/1189122183?skuid=1158643509,PATISH,Smartwatch Samsung Galaxy Watch7 44mm,4201120-Plata 44mm,1189122183
1188423881,https://www.liverpool.com.mx/tienda/pdp/producto/1188423881?skuid=1188423881,PATISH,Set de teléfonos 4 auriculares Inalámbrico Panasonic KX-TGE674B,4202289,1188423881
1188423899,https://www.liverpool.com.mx/tienda/pdp/producto/1188423899?skuid=1188423899,PATISH,Teléfono Inalámbrico Panasonic KX-TGD830M,4201320,1188423899
1158643495,https://www.liverpool.com.mx/tienda/pdp/producto/1189139744?skuid=1158643495,PATISH,Smartwatch Samsung Galaxy Watch7 44mm,4201121,1189139744
1188825326,https://www.liverpool.com.mx/tienda/pdp/producto/1188825326?skuid=1188825326,PATISH,Laptop 2 en 1 touch HP Omnibook 5 Flip 14 pulgadas Full HD+ Intel Core 7 150Ul Integradas 16 GB RAM 512 GB SSD,4201139,1188825326
1130315573,https://www.liverpool.com.mx/tienda/pdp/producto/1130315573?skuid=1130315573,PATISH,Teléfono Panasonic KX-TGC380C,4201833,1130315573
1146634881,https://www.liverpool.com.mx/tienda/pdp/producto/1146634881?skuid=1146634881,PATISH,Set de teléfonos Panasonic KX-TGC383C 3 auriculares,4201820,1146634881
1097865767,https://www.liverpool.com.mx/tienda/pdp/producto/1097865767?skuid=1097865767,PATISH,Telefono Inalambrico Panasonic KX-TGC382-C 2 Extensiones Black ( Reacondicionado Certificado ),4203002,1097865767
1129560238,https://www.liverpool.com.mx/tienda/pdp/producto/1129560238?skuid=1129560238,PATISH,Teléfono Panasonic KX-TGF343C 3 auriculares,4201046,1129560238
1109639318,https://www.liverpool.com.mx/tienda/pdp/producto/1189140963?skuid=1109639318,PATISH,Telefono Panasonic KXTGD563 inalámbrico 3 auriculares. Reacondicionado,4201147,1189140963
1094031997,https://www.liverpool.com.mx/tienda/pdp/producto/1094031997?skuid=1094031997,PATISH,Telefono Inalambrico Panasonic KX-TGF544B 4 Extensiones  Black ( Reacondicionado Certificado ),4201451,1094031997
1097425929,https://www.liverpool.com.mx/tienda/pdp/producto/1097425929?skuid=1097425929,PATISH,Telefono Inalambrico Panasonic KX-TGE432B 2 Extensiones + Monitor de Bebe Black ( Reacondicionado Certificado ),4201824,1097425929
1109327596,https://www.liverpool.com.mx/tienda/pdp/producto/1189144659?skuid=1109327596,PATISH,Teléfono Inalámbrico Panasonic KX-TGC352MEB,4201376,1189144659
1188842948,https://www.liverpool.com.mx/tienda/pdp/producto/1188842948?skuid=1188842948,PATISH,Smartwatch Apple Watch Ultra 2 Negro Titanio unisex con GPS reacondicionado,4200979,1188842948
1146202833,https://www.liverpool.com.mx/tienda/pdp/producto/1148331657?skuid=1146202833,PATISH,Consola PS5 de 1 TB edición digital,Eliminado350,1148331657
1146391784,https://www.liverpool.com.mx/tienda/pdp/producto/1189229166?skuid=1146391784,PATISH,Consola fija ps5 de 1 tb edición digital Playstation,4201773_,1189229166
1160157182,https://www.liverpool.com.mx/tienda/pdp/producto/1189229182?skuid=1160157182,PATISH,Consola PS5 de 1 TB edición digital,Eliminado351,1189229182
1163672215,https://www.liverpool.com.mx/tienda/pdp/producto/1189229191?skuid=1163672215,PATISH,Consola PS5 de 1 TB edición digital,4201773_.,1189229191
1173113095,https://www.liverpool.com.mx/tienda/pdp/producto/1189305369?skuid=1173113095,PATISH,Motorola Moto G15 LCD 6.7 pulgadas,4201127,1189305369
1189004971,https://www.liverpool.com.mx/tienda/pdp/producto/1189004971?skuid=1189004971,PATISH,Samsung Galaxy s25+ Dynamic AMOLED 2X 6.7 pulgadas Reacondicionado,4201150-512Gb Azul,1189004971
1189005004,https://www.liverpool.com.mx/tienda/pdp/producto/1189005004?skuid=1189005004,PATISH,Samsung Galaxy s25+ Dynamic AMOLED 2X 6.7 pulgadas Reacondicionado,4201202 512GB Menta,1189005004
1189004997,https://www.liverpool.com.mx/tienda/pdp/producto/1189004997?skuid=1189004997,PATISH,Samsung Galaxy s25+ Dynamic AMOLED 2X 6.7 pulgadas Reacondicionado,4201201 512GB Plata,1189004997
1189005012,https://www.liverpool.com.mx/tienda/pdp/producto/1189005012?skuid=1189005012,PATISH,Samsung Galaxy s25+ Dynamic AMOLED 2X 6.7 pulgadas Reacondicionado,4201203 512GB Azul,1189005012
1189005233,https://www.liverpool.com.mx/tienda/pdp/producto/1189005233?skuid=1189005233,PATISH,Samsung Galaxy s25+ Dynamic AMOLED 2X 6.7 pulgadas Reacondicionado,4201282 256GB Plata,1189005233
1189004962,https://www.liverpool.com.mx/tienda/pdp/producto/1189004962?skuid=1189004962,PATISH,Samsung Galaxy s25+ Dynamic AMOLED 2X 6.7 pulgadas Reacondicionado,4201276 256GB Menta,1189004962
1180803447,https://www.liverpool.com.mx/tienda/pdp/producto/1189494609?skuid=1180803447,PATISH,Samsung galaxy s25 ultra dynamic amoled 2x 6.9 pulgadas desbloqueado reacondicionado,4201302_4200087 256Gb Negro,1189494609
1180803455,https://www.liverpool.com.mx/tienda/pdp/producto/1189494633?skuid=1180803455,PATISH,Samsung galaxy s25 ultra dynamic amoled 2x 6.9 pulgadas desbloqueado reacondicionado,4201303-4200087 256Gb Azul,1189494633
1189193251,https://www.liverpool.com.mx/tienda/pdp/producto/1189193251?skuid=1189193251,PATISH,Consola fija ps5 de 1 tb Sony call of duty,4201144,1189193251
1153203179,https://www.liverpool.com.mx/tienda/pdp/producto/1189716601?skuid=1153203179,PATISH,Consola portátil Steam Deck 256 GB edición limitada,4201122,1189716601
1140438053,https://www.liverpool.com.mx/tienda/pdp/producto/1189716610?skuid=1140438053,PATISH,Consola portátil Steam Deck 256 GB edición estándar,4201122_,1189716610
1176451218,https://www.liverpool.com.mx/tienda/pdp/producto/1189719864?skuid=1176451218,PATISH,Laptop Lenovo IdeaPad 1i 14 pulgadas Full HD Intel Celeron Intel UHD Graphics 4 GB RAM,4201308.,1189719864
1185699265,https://www.liverpool.com.mx/tienda/pdp/producto/1189723675?skuid=1185699265,PATISH,Consola PS5 de 1 TB edición limitada Ghost Of Yotei PlayStation,4201123,1189723675
1189678637,https://www.liverpool.com.mx/tienda/pdp/producto/1189678637?skuid=1189678637,PATISH,Consola fija ps5 de 1 tb Sony ghost of yotei,4201123  4200087  420089,1189678637
1190723395,https://www.liverpool.com.mx/tienda/pdp/producto/1190723395?skuid=1190723395,PATISH,"""kit/set/smartwatch/smartband"" apple apple watch series 10 reacondicionado por apple ""para"" unisex integrado reacondicionado",4201114-Plata 46mm,1190723395
1190723361,https://www.liverpool.com.mx/tienda/pdp/producto/1190723361?skuid=1190723361,PATISH,"""kit/set/smartwatch/smartband"" apple apple watch series 10 reacondicionado por apple ""para"" unisex integrado reacondicionado",4201115-Rosa 46mm,1190723361
1190723379,https://www.liverpool.com.mx/tienda/pdp/producto/1190723379?skuid=1190723379,PATISH,"""kit/set/smartwatch/smartband"" apple apple watch series 10 reacondicionado por apple ""para"" unisex integrado reacondicionado",4201116-Negro 46mm,1190723379
1190723344,https://www.liverpool.com.mx/tienda/pdp/producto/1190723344?skuid=1190723344,PATISH,"""kit/set/smartwatch/smartband"" apple apple watch series 10 reacondicionado por apple ""para"" unisex integrado reacondicionado",4201118-Rosa 42mm,1190723344
1190723387,https://www.liverpool.com.mx/tienda/pdp/producto/1190723387?skuid=1190723387,PATISH,"""kit/set/smartwatch/smartband"" apple apple watch series 10 reacondicionado por apple ""para"" unisex integrado reacondicionado",4201119-Negro 42mm,1190723387
1190723352,https://www.liverpool.com.mx/tienda/pdp/producto/1190723352?skuid=1190723352,PATISH,"""kit/set/smartwatch/smartband"" apple apple watch series 10 reacondicionado por apple ""para"" unisex integrado reacondicionado",4201117-Plata 42mm,1190723352
1190710617,https://www.liverpool.com.mx/tienda/pdp/producto/1190710617?skuid=1190710617,PATISH,Apple AirPods Pro 2 inalámbricos,4201113,1190710617
1175388750,https://www.liverpool.com.mx/tienda/pdp/producto/1191303705?skuid=1175388750,PATISH,Samsung Galaxy A56 Super AMOLED 6.7 pulgadas,4201032-Gris 256Gb,1191303705
1175388741,https://www.liverpool.com.mx/tienda/pdp/producto/1191303721?skuid=1175388741,PATISH,Samsung Galaxy A56 Super AMOLED 6.7 pulgadas,4201033-Verde 256Gb,1191303721
1158273019,https://www.liverpool.com.mx/tienda/pdp/producto/1191511359?skuid=1158273019,PATISH,Apple iPhone 15 PRO MAX 6.7 pulgadas Super Retina XDR Reacondicionado,4201026_Blanco Titanio,1191511359
1158273001,https://www.liverpool.com.mx/tienda/pdp/producto/1181224009?skuid=1158273001,PATISH,Apple iphone 15 pro max unboxed super retina xdr 6.7 pulgadas reacondicionado,4201027_Azul Titanio,1181224009
1177077131,https://www.liverpool.com.mx/tienda/pdp/producto/1191691233?skuid=1177077131,PATISH,Samsung Galaxy S25 Ultra Dynamic AMOLED 2X 6.9 pulgadas Reacondicionado,4201300 Gris Titanio,1191691233
1148580592,https://www.liverpool.com.mx/tienda/pdp/producto/1191691241?skuid=1148580592,PATISH,Apple iPhone 14 PRO MAX 6.7 pulgadas AMOLED Reacondicionado,4201023-iPhone 14 256gb Negro,1191691241
1148580649,https://www.liverpool.com.mx/tienda/pdp/producto/1191691250?skuid=1148580649,PATISH,Apple iPhone 14 Pro Max 6.7 pulgadas AMOLED Reacondicionado,4201022-iPhone 14 256gb Lila,1191691250
1182270403,https://www.liverpool.com.mx/tienda/pdp/producto/1191691268?skuid=1182270403,PATISH,Laptop gamer Hp Victus 15-fb3093dx 15.6 pulgadas Full HD AMD Ryzen 7 NVIDIA Geforce RTX 4050 16 GB RAM 512 GB SSD,4201035-,1191691268
1169885997,https://www.liverpool.com.mx/tienda/pdp/producto/1191978028?skuid=1169885997,PATISH,Samsung Galaxy A16 Super AMOLED 6.7 pulgadas,4201018,1191978028
1191846512,https://www.liverpool.com.mx/tienda/pdp/producto/1191846512?skuid=1191846512,PATISH,Consola fija ps5 de 1 tb edición bundle Sony fortnite,4201437/4200087/4200089,1191846512
1181992022,https://www.liverpool.com.mx/tienda/pdp/producto/1192333608?skuid=1181992022,PATISH,Samsung Galaxy A16 AMOLED 6.7 pulgadas desbloqueado reacondicionado,4201295-Negro 4/128Gb,1192333608
1181991000,https://www.liverpool.com.mx/tienda/pdp/producto/1192333632?skuid=1181991000,PATISH,Samsung galaxy a16 4g amoled 6.7 pulgadas desbloqueado reacondicionado,4201017/4200087-Galaxy A16 4/128,1192333632
1192194101,https://www.liverpool.com.mx/tienda/pdp/producto/1192194101?skuid=1192194101,PATISH,Laptop 2 en 1 touch HP Omnibook X Flip 14-FK0033DX 14 pulgadas Full HD+ AMD Ryzen AI 7 350 integradas 24 GB RAM 1 TB SSD,4201025/4200087/4200089,1192194101
1192200705,https://www.liverpool.com.mx/tienda/pdp/producto/1192200705?skuid=1192200705,PATISH,Laptop  Asus Vivobook 14 pulgadas Full HD Intel Core i7 Intel UHD 12 GB RAM 512 GB SSD,4201036/4200087/4200089,1192200705
1192243072,https://www.liverpool.com.mx/tienda/pdp/producto/1192243072?skuid=1192243072,PATISH,Laptop Asus Vivobook 14 pulgadas Full HD Intel Core i5 Intel Iris Xe 12 GB RAM 512 GB SSD,4201164/4200087/4200089,1192243072
1192487192,https://www.liverpool.com.mx/tienda/pdp/producto/1192487192?skuid=1192487192,PATISH,Laptop touch Hp 15-fd0215dx 15.6 pulgadas Full HD Intel Core i5 Intel UHD Graphics 16 GB RAM 512 GB SSD,4201020/4200087/4200089,1192487192
1192554566,https://www.liverpool.com.mx/tienda/pdp/producto/1192554566?skuid=1192554566,PATISH,Laptop Lenovo 82VG00WXUS 15.6 pulgadas Full HD AMD Ryzen 5 AMD Radeon 8 GB RAM 256 GB SSD,4201019/4200087/4200089,1192554566
1186161382,https://www.liverpool.com.mx/tienda/pdp/producto/1192940253?skuid=1186161382,PATISH,Motorola G86 Power POLED 6.67 pulgadas,Eliminado02,1192940253
1186161374,https://www.liverpool.com.mx/tienda/pdp/producto/1192940261?skuid=1186161374,PATISH,Motorola G86 Power POLED 6.67 pulgadas,Eliminado04,1192940261
1186161366,https://www.liverpool.com.mx/tienda/pdp/producto/1192940270?skuid=1186161366,PATISH,Motorola G86 Power POLED 6.67 pulgadas,Eliminado03,1192940270
1189234631,https://www.liverpool.com.mx/tienda/pdp/producto/1192940288?skuid=1189234631,PATISH,Motorola G86 POLED 6.67 pulgadas,4201009-,1192940288
1190929422,https://www.liverpool.com.mx/tienda/pdp/producto/1193012279?skuid=1190929422,PATISH,Laptop gamer Lenovo Legion LOQ AI-Powered 15.6 pulgadas Full HD Intel Core i7 NVIDIA GeForce RTX 5050 24 GB RAM 1 TB SSD,4201034,1193012279
1169776349,https://www.liverpool.com.mx/tienda/pdp/producto/1193307279?skuid=1169776349,PATISH,Motorola motorola moto edge 50 5g poled 6.7 pulgadas nuevo,4201008-Edge 50 12/512 Gris,1193307279
1182062673,https://www.liverpool.com.mx/tienda/pdp/producto/1194106595?skuid=1182062673,PATISH,Laptop Asus Vivobook E410KA-CL4128 14 pulgadas Full HD Intel Celeron Intel UHD Graphics 4 GB RAM,4201004,1194106595
1176440119,https://www.liverpool.com.mx/tienda/pdp/producto/1194106609?skuid=1176440119,PATISH,Samsung Galaxy A36 Super AMOLED 6.7 pulgadas,4200896-A36 Negro,1194106609
1176440101,https://www.liverpool.com.mx/tienda/pdp/producto/1194106617?skuid=1176440101,PATISH,Samsung galaxy a36 super amoled 6.7 pulgadas desbloqueado nuevo,4200993-A36 Verde,1194106617
1176440097,https://www.liverpool.com.mx/tienda/pdp/producto/1194106625?skuid=1176440097,PATISH,Samsung Galaxy A36 Super AMOLED 6.7 pulgadas,4200992-A36 Verde,1194106625
1176018492,https://www.liverpool.com.mx/tienda/pdp/producto/1194106633?skuid=1176018492,PATISH,Samsung Galaxy A56 Super Retina XDR 6.7 pulgadas,4201001-A56 256Gb Negro,1194106633
1176018476,https://www.liverpool.com.mx/tienda/pdp/producto/1194106641?skuid=1176018476,PATISH,Samsung Galaxy A56 Super Retina XDR 6.7 pulgadas,4201000-A56 Verde 256Gb,1194106641
1184131001,https://www.liverpool.com.mx/tienda/pdp/producto/1195581033?skuid=1184131001,PATISH,Samsung Galaxy S25 FE Dynamic AMOLED 2X 6.7 pulgadas,4200990-s25Fe 8/256,1195581033
1184130986,https://www.liverpool.com.mx/tienda/pdp/producto/1195581041?skuid=1184130986,PATISH,Samsung Galaxy S25 FE Dynamic AMOLED 2X 6.7 pulgadas,4200989-s25Fe8/256Azul,1195581041
1177436468,https://www.liverpool.com.mx/tienda/pdp/producto/1195581653?skuid=1177436468,PATISH,Samsung Galaxy S25 Edge Dynamic AMOLED 2X 6.7 pulgadas,4200977-s25 Edge Negro,1195581653
1177436450,https://www.liverpool.com.mx/tienda/pdp/producto/1195581661?skuid=1177436450,PATISH,Samsung Galaxy S25 Edge Dynamic AMOLED 2X 6.7 pulgadas,4200976-S25 Edge Azul,1195581661
1183753556,https://www.liverpool.com.mx/tienda/pdp/producto/1195581751?skuid=1183753556,PATISH,Samsung Galaxy S25 FE Dynamic AMOLED 2X 6.7 pulgadas,4200988-S25fe 8/128 Negro,1195581751
1183753564,https://www.liverpool.com.mx/tienda/pdp/producto/1195581700?skuid=1183753564,PATISH,Samsung Galaxy S25 FE Dynamic AMOLED 2X 6.7 pulgadas,4200987-s25Fe 8/128 Azul,1195581700
1195078773,https://www.liverpool.com.mx/tienda/pdp/producto/1195078773?skuid=1195078773,PATISH,Laptop Hp 14-em0002wm 14 pulgadas HD AMD Athlon Dedidicadas 4GB RAM 128 GB SSD,4201005/4200086/4200085,1195078773
1195363257,https://www.liverpool.com.mx/tienda/pdp/producto/1195363257?skuid=1195363257,PATISH,Laptop Hp 14-dq6011 Bundle 14 pulgadas HD Intel Celeron Intel UHD 4 GB RAM 128 GB SSD,4201219/4200085/4200086,1195363257
1122450461,https://www.liverpool.com.mx/tienda/pdp/producto/1197046569?skuid=1122450461,PATISH,Laptop thin & light Apple MacBook Air 13.6 pulgadas WQXGA M2 Integradas 8 GB RAM 256 GB SSD,4200980,1197046569
1194177140,https://www.liverpool.com.mx/tienda/pdp/producto/1197046577?skuid=1194177140,PATISH,Apple MacBook Air 2020 13.3 pulgadas M1 8 Gb RAM 256 GB SSD plata reacondicionado,4200881-Macbook Air M1 8/256 13.3 Plata,1197046577
1169886012,https://www.liverpool.com.mx/tienda/pdp/producto/1197387960?skuid=1169886012,PATISH,Samsung Galaxy A16 Super AMOLED 6.7 pulgadas,4201295-Negro 4/128Gb.,1197387960
1196056218,https://www.liverpool.com.mx/tienda/pdp/producto/1196056218?skuid=1196056218,PATISH,Laptop Hp 14-dq6015dx Bundle 14 pulgadas HD Intel Celeron Intel UHD 4 GB RAM 128 GB SSD,4201188/4200085/4200086,1196056218
1196064032,https://www.liverpool.com.mx/tienda/pdp/producto/1196064032?skuid=1196064032,PATISH,Laptop Asus E410KA Bundle 14 pulgadas Full HD Intel Celeron Intel UHD 4 GB RAM 128 GB SSD,4201004/4200085/4200086,1196064032
1196060738,https://www.liverpool.com.mx/tienda/pdp/producto/1196060738?skuid=1196060738,PATISH,Laptop Asus X1404VA Bundle 14 pulgadas Full HD Intel Core i7 Intel Iris XE 12 GB RAM 512 GB SSD,4201036/4200087/4200089.,1196060738
1186234983,https://www.liverpool.com.mx/tienda/pdp/producto/1197464514?skuid=1186234983,PATISH,Laptop HP 15-fd0130wm 15.6 pulgadas HD Intel Core i3 Intel UHD Graphics 8 GB RAM 256 GB SSD,4200961,1197464514
1172674832,https://www.liverpool.com.mx/tienda/pdp/producto/1197464727?skuid=1172674832,PATISH,Consola portátil Windows 11 512 GB edición estándar Rog Ally Z1 Extreme,4200962,1197464727
1160625755,https://www.liverpool.com.mx/tienda/pdp/producto/1197464735?skuid=1160625755,PATISH,Consola portátil Windows 11 512 GB edición estándar Rog Ally,4200962-,1197464735
1169776357,https://www.liverpool.com.mx/tienda/pdp/producto/1197584838?skuid=1169776357,PATISH,Motorola motorola moto edge 50 5g poled 6.7 pulgadas nuevo,4201007,1197584838
1192719859,https://www.liverpool.com.mx/tienda/pdp/producto/1197585044?skuid=1192719859,PATISH,Motorola G86 POLED 6.67 pulgadas,4201012-,1197585044
1170197191,https://www.liverpool.com.mx/tienda/pdp/producto/1197586156?skuid=1170197191,PATISH,Samsung Galaxy S25 Ultra Dynamic AMOLED 2X 6.9 pulgadas,4201300-Galaxy S25 Ultra 12/256 Gris Titanio,1197586156
1170197166,https://www.liverpool.com.mx/tienda/pdp/producto/1197586164?skuid=1170197166,PATISH,Samsung Galaxy S25 Ultra Dynamic AMOLED 2X 6.9 pulgadas,4201302- Galaxy S25 Ultra 12/256 Negro Titanio,1197586164
1161456639,https://www.liverpool.com.mx/tienda/pdp/producto/1197586679?skuid=1161456639,PATISH,Samsung z flip 6 unboxed amoled 6.7 pulgadas reacondicionado,4200978-Samsung Galaxy Z Flip 6 12/256Azul,1197586679
1196745013,https://www.liverpool.com.mx/tienda/pdp/producto/1196745013?skuid=1196745013,PATISH,No ASUS E1504GA-WS35 15.6 pulgadas Full HD Intel Core i3 Intel UHD 8 GB RAM No aplica 256 GB SSD No aplica,4200969/4200086/4200085,1196745013
1193575711,https://www.liverpool.com.mx/tienda/pdp/producto/1197813730?skuid=1193575711,PATISH,Laptop touch HP B5PX1UA 16 pulgadas Wuxga Intel Core Ultra 7 255U Intel UHD 16 GB Ram 1 TB SSD,4200963,1197813730
1156518103,https://www.liverpool.com.mx/tienda/pdp/producto/1197910174?skuid=1156518103,PATISH,Apple iPhone 15 6.1 pulgadas OLED Reacondicionado,4201006-iPhone 15 128gb Amarillo,1197910174
1188392047,https://www.liverpool.com.mx/tienda/pdp/producto/1199054178?skuid=1188392047,PATISH,Samsung Galaxy A07 LCD 6.7 pulgadas,4200937-Samsung Galaxy A07 4/128 Negro,1199054178
1185347784,https://www.liverpool.com.mx/tienda/pdp/producto/1199054216?skuid=1185347784,PATISH,Samsung Galaxy A07 PLS LCD 6.7 pulgadas,4200937--Samsung Galaxy A07 4/128 Negro,1199054216
1176018468,https://www.liverpool.com.mx/tienda/pdp/producto/1199093131?skuid=1176018468,PATISH,Samsung Galaxy A56 Super Retina XDR 6.7 pulgadas,4201160-Galaxy A56 8/256 Gris Claro,1199093131
1176018484,https://www.liverpool.com.mx/tienda/pdp/producto/1199093149?skuid=1176018484,PATISH,Samsung Galaxy A56 Super Retina XDR 6.7 pulgadas,4200938-Galaxy A56 8/256 Rosa,1199093149
1192055101,https://www.liverpool.com.mx/tienda/pdp/producto/1199093157?skuid=1192055101,PATISH,Tablet Samsung Tab A11 SM-135 8.7 pulgadas 64 GB de almacenamiento de 4 GB RAM,4200940-Samsung Galaxy Tab A11 4/64 8.7 Gris,1199093157
1192055098,https://www.liverpool.com.mx/tienda/pdp/producto/1199093165?skuid=1192055098,PATISH,Tablet Samsung Tab A11 SM-135 8.7 pulgadas 64 GB de almacenamiento de 4 GB RAM,4200939-Samsung Galaxy Tab A11 4/64 8.7 Plata,1199093165
1189091245,https://www.liverpool.com.mx/tienda/pdp/producto/1199093173?skuid=1189091245,PATISH,Tablet Samsung Galaxy Tab A11 8.7 pulgadas 64 GB de almacenamiento de 4 GB RAM,4200940--Samsung Galaxy Tab A11 4/64 8.7 Gris,1199093173
1192303181,https://www.liverpool.com.mx/tienda/pdp/producto/1199093181?skuid=1192303181,PATISH,Tablet Samsung Galaxy Tab A11 8.7 pulgadas 64 GB de almacenamiento de 4 GB RAM,4200939--Samsung Galaxy Tab A11 4/64 8.7 Plata,1199093181
1196669759,https://www.liverpool.com.mx/tienda/pdp/producto/1196669759?skuid=1196669759,PATISH,Sí LENOVO Yoga 7 16 pulgadas WUXGA Intel core ultra 7 Integradas 16 GB RAM No aplica 1 TB SSD No aplica,4200973/4200085/4200086,1196669759
1196667691,https://www.liverpool.com.mx/tienda/pdp/producto/1196667691?skuid=1196667691,PATISH,Sí DELL 15DC15250 15.6 pulgadas Full HD Intel Core i5 Intel UHD 8 GB RAM No aplica 512 GB SSD No aplica,4200975/4200085/4200086,1196667691
1177113685,https://www.liverpool.com.mx/tienda/pdp/producto/1200143970?skuid=1177113685,PATISH,Samsung Galaxy A26 Super AMOLED 6.7 pulgadas,4200985,1200143970
1197925872,https://www.liverpool.com.mx/tienda/pdp/producto/1197925872?skuid=1197925872,PATISH,Laptop HP Bundle Laptop HP 17-CN3003DX 17.3 pulgadas HD Intel Core i3 Intel UHD Graphics 8 GB RAM 256 GB SSD,4200949/4200085/4200086,1197925872
1197926003,https://www.liverpool.com.mx/tienda/pdp/producto/1197926003?skuid=1197926003,PATISH,"Laptop Lenovo Bundle IdeaPad 5 (83B40006US) 15.6"" 15.6 pulgadas Full HD Intel Core i5 Intel Iris XE 8 GB RAM 256 GB SSD",4200951/4200085/4200086,1197926003
1197926208,https://www.liverpool.com.mx/tienda/pdp/producto/1197926208?skuid=1197926208,PATISH,Laptop Lenovo Bundle IdeaPad 5 83B40008US 15.6 pulgadas Full HD Intel Core i5 Intel Iris XE 16 GB  RAM 256 GB SSD,4201002/4200085/4200086,1197926208
1197926224,https://www.liverpool.com.mx/tienda/pdp/producto/1197926224?skuid=1197926224,PATISH,"Laptop Asus Bundle Laptop ASUS Vivobook F1504VA 15.6"" 15.6 pulgadas Full HD Intel Core i3 Intel UHD Graphics 8 GB RAM 512 GB SSD",4200959/4200085/4200086,1197926224
1197926542,https://www.liverpool.com.mx/tienda/pdp/producto/1197926542?skuid=1197926542,PATISH,"Laptop HP Bundle Laptop HP 15-FD0113DX 15.6"" 15.6 pulgadas Full HD Intel Core i3 Intel UHD Graphics 8 GB RAM 128 GB SSD",4200950/4200085/4200086,1197926542
1197926453,https://www.liverpool.com.mx/tienda/pdp/producto/1197926453?skuid=1197926453,PATISH,"Laptop touch Dell Bundle Inspiron 15 7322 15.6"" pulgadas Full HD AMD Ryzen 7 AMD Radeon Graphics 16 GB RAM 1 TB SSD",4200974/4200085/4200086,1197926453
1182561793,https://www.liverpool.com.mx/tienda/pdp/producto/1200678661?skuid=1182561793,PATISH,Samsung GALAXY S23 Dynamic AMOLED 2X 6.1 pulgadas Reacondicionado,4200902,1200678661
1182561785,https://www.liverpool.com.mx/tienda/pdp/producto/1200678679?skuid=1182561785,PATISH,Samsung GALAXY S23 Dynamic AMOLED 2X 6.1 pulgadas Reacondicionado,4200900,1200678679
1156500425,https://www.liverpool.com.mx/tienda/pdp/producto/1200678687?skuid=1156500425,PATISH,Samsung Galaxy Z Flip 5 Dynamic AMOLED 2X 6.7 pulgadas Reacondicionado,4200924_,1200678687
1161583266,https://www.liverpool.com.mx/tienda/pdp/producto/1200678695?skuid=1161583266,PATISH,Samsung Galaxy Z Flip 5 Dynamic AMOLED 2X 6.7 pulgadas Reacondicionado,4200924,1200678695
1161584483,https://www.liverpool.com.mx/tienda/pdp/producto/1200678709?skuid=1161584483,PATISH,Samsung Galaxy Z Flip 5 Dynamic AMOLED 2X 6.7 pulgadas Reacondicionado,4200925,1200678709
1182359196,https://www.liverpool.com.mx/tienda/pdp/producto/1200678733?skuid=1182359196,PATISH,Samsung Galaxy S24 FE Dynamic AMOLED 2x 6.7 pulgadas reacondicionado,4200941.,1200678733
1182359161,https://www.liverpool.com.mx/tienda/pdp/producto/1200678741?skuid=1182359161,PATISH,Samsung galaxy samsung galaxy s24 fe dynamic amoled 2x 6.7 pulgadas desbloqueado reacondicionado,4200942,1200678741
1189047301,https://www.liverpool.com.mx/tienda/pdp/producto/1200678768?skuid=1189047301,PATISH,Smartwatch Samsung Galaxy Galaxy Watch Ultra unisex con GPS,4200935-Galaxy Watch Ultra 7ma Gen. Gris,1200678768
1181705520,https://www.liverpool.com.mx/tienda/pdp/producto/1200678776?skuid=1181705520,PATISH,"""kit/set/smartwatch/smartband"" samsung galaxy watch ultra mochila ""para"" unisex integrado nuevo",4200935/4200085/4200084Galaxy Watch Ultra 7 Gris,1200678776
1181704914,https://www.liverpool.com.mx/tienda/pdp/producto/1200678784?skuid=1181704914,PATISH,"""kit/set/smartwatch/smartband"" samsung galaxy watch ultra mochila ""para"" unisex integrado nuevo",4200934/4200085/4200084Galaxy Watch Ultra 7 Gris,1200678784
1158643924,https://www.liverpool.com.mx/tienda/pdp/producto/1200678792?skuid=1158643924,PATISH,Smartwatch Samsung Galaxy Watch Ultra 47 mm unisex con GPS,4200935/Galaxy Watch Ultra 7ma Gen. Gris,1200678792
1158643932,https://www.liverpool.com.mx/tienda/pdp/producto/1200678903?skuid=1158643932,PATISH,Smartwatch Samsung Galaxy Watch Ultra 47 mm unisex con GPS,4200934Galaxy Watch Ultra 7 Gris,1200678903
1192426380,https://www.liverpool.com.mx/tienda/pdp/producto/1200678938?skuid=1192426380,PATISH,Tablet Apple iPad 11 Gen 11 pulgadas 128 GB de almacenamiento de 6 GB RAM,4200930-Ipad 11 Gen A16 chip 128Gb Amarillo,1200678938
1179356224,https://www.liverpool.com.mx/tienda/pdp/producto/1179356224?skuid=1179356224,PATISH,Tablet Apple Ipad 11 11 pulgadas de 4 GB RAM reacondicionado,4200930/Ipad 11 Gen A16 chip 128Gb Amarillo,1179356224
1197432264,https://www.liverpool.com.mx/tienda/pdp/producto/1200678997?skuid=1197432264,PATISH,Motorola edge 70 fusion poled 6.78 pulgadas,Eliminado001,1200678997
1197432272,https://www.liverpool.com.mx/tienda/pdp/producto/1200679012?skuid=1197432272,PATISH,Motorola edge 70 fusion poled 6.78 pulgadas,Eliminado002,1200679012
1180150729,https://www.liverpool.com.mx/tienda/pdp/producto/1200679039?skuid=1180150729,PATISH,Motorola Moto G86 5G POLED 6.6 pulgadas,4200917-Moto G86 8/256 Lila,1200679039
1180149518,https://www.liverpool.com.mx/tienda/pdp/producto/1200679055?skuid=1180149518,PATISH,Motorola Moto G86 5G POLED 6.6 pulgadas,4201011-Moto G86 8/256 Azul,1200679055
1194933246,https://www.liverpool.com.mx/tienda/pdp/producto/1200679063?skuid=1194933246,PATISH,Motorola Edge 60 POLED 6.7 pulgadas reacondicionado,4200904-Moto Edge 60 12/512 Azul,1200679063
1189657079,https://www.liverpool.com.mx/tienda/pdp/producto/1200704122?skuid=1189657079,PATISH,Motorola Moto Edge 60 Fusion POLED 6.6 pulgadas,4200874-Moto Edge 60 Fusion 8/256 Azul,1200704122
1190801710,https://www.liverpool.com.mx/tienda/pdp/producto/1200704165?skuid=1190801710,PATISH,Motorola Moto G06 LCD 6.8 pulgadas,4200910-Moto G06 4/256 Tapestry,1200704165
1156866853,https://www.liverpool.com.mx/tienda/pdp/producto/1201903714?skuid=1156866853,PATISH,Tablet Apple iPad Mini 6ta. Generación 8.3 pulgadas de 4 GB RAM,4201284,1201903714
1156866861,https://www.liverpool.com.mx/tienda/pdp/producto/1201903749?skuid=1156866861,PATISH,Tablet Apple iPad Mini 6ta. Generación 8.3 pulgadas de 4 GB RAM,4201271_,1201903749
1155610782,https://www.liverpool.com.mx/tienda/pdp/producto/1201903757?skuid=1155610782,PATISH,Tablet Apple A2567 Ipad Mini 8.3 pulgadas de 4 GB RAM,4201285_,1201903757
1155744916,https://www.liverpool.com.mx/tienda/pdp/producto/1201904150?skuid=1155744916,PATISH,Tablet Apple Ipad Air 10.9 pulgadas de 8 GB RAM,4201209,1201904150
1199343994,https://www.liverpool.com.mx/tienda/pdp/producto/1202103681?skuid=1199343994,PATISH,SAMSUNG Galaxy A36 Super AMOLED 6.7 pulgadas Desbloqueado Reacondicionado,4200896-Galaxy A36 6/128 Negro,1202103681
1182371315,https://www.liverpool.com.mx/tienda/pdp/producto/1202103690?skuid=1182371315,PATISH,Samsung galaxy samsung galaxy s23 ultra dynamic amoled 2x 6.8 pulgadas desbloqueado reacondicionado,4200885-Galaxy S23 Ultra 512Gb Negro,1202103690
1182372222,https://www.liverpool.com.mx/tienda/pdp/producto/1202103703?skuid=1182372222,PATISH,Samsung galaxy samsung galaxy s23 ultra dynamic amoled 2x 6.8 pulgadas desbloqueado reacondicionado,4200887-Galaxy S23 Ultra 512Gb Verde,1202103703
1182372150,https://www.liverpool.com.mx/tienda/pdp/producto/1202103711?skuid=1182372150,PATISH,Samsung galaxy samsung galaxy s23 ultra dynamic amoled 2x 6.8 pulgadas desbloqueado reacondicionado,4200886-Galaxy S23 Ultra 512Gb Morado,1202103711
1193519454,https://www.liverpool.com.mx/tienda/pdp/producto/1202105757?skuid=1193519454,PATISH,Laptop HP 255 G10 15.6 pulgadas Full HD AMD Ryzen 3 AMD Radeon 16 GB Ram 512 GB SSD,4200884-HP 255 G10 Ryzen 3 16/512 15.6,1202105757
1193519471,https://www.liverpool.com.mx/tienda/pdp/producto/1202105765?skuid=1193519471,PATISH,Laptop HP 255 G10 15.6 pulgadas Full HD AMD Ryzen 3 AMD Radeon 32 GB Ram 512 GB SSD,4200883-HP 255 G10 Ryzen 3 32/512 15.6,1202105765
1199431842,https://www.liverpool.com.mx/tienda/pdp/producto/1202105773?skuid=1199431842,PATISH,Figura lenovo v15 15.6 pulgadas full hd amd ryzen 3 amd radeon graphics 16 gb ram 512 gb ssd,4200913-LenovoV15 0023US Ryzen 3 16/512 15.6 Negro,1202105773
1164967600,https://www.liverpool.com.mx/tienda/pdp/producto/1202105781?skuid=1164967600,PATISH,Consola portátil Portal 30 Aniversario PlayStation 1 TB edición limitada,4200912-Play Station Portal 30 Aniversario,1202105781
1199887226,https://www.liverpool.com.mx/tienda/pdp/producto/1202105790?skuid=1199887226,PATISH,MOTOROLA Edge 70 Fusion AMOLED 6.78 pulgadas,4200931-Moto Edge 70 Fusion 8/256 Silhouette,1202105790
1199887013,https://www.liverpool.com.mx/tienda/pdp/producto/1202105803?skuid=1199887013,PATISH,MOTOROLA Edge 70 Fusion AMOLED 6.78 pulgadas,4200932-Moto Edge 70 Fusion 8/256 Country,1202105803
1150468201,https://www.liverpool.com.mx/tienda/pdp/producto/1202297991?skuid=1150468201,PATISH,Consola portátil Lenovo Legion Go Multiplataforma 1 TB edición estándar 8Apu1,4200911-Lenovo Legion Go 16/1tb 8.8,1202297991
1166066065,https://www.liverpool.com.mx/tienda/pdp/producto/1202298008?skuid=1166066065,PATISH,Apple iphone 15 plus super retina xdr 6.7 pulgadas reacondicionado,4200894-Iphone 15 Plus Esim 256gb Negro,1202298008
1188741327,https://www.liverpool.com.mx/tienda/pdp/producto/1202298016?skuid=1188741327,PATISH,Apple iphone 15 plus super retina xdr 6.7 pulgadas desbloqueado reacondicionado,4200894-Iphone 15 Plus Esim 256gb Negro r,1202298016
1188741203,https://www.liverpool.com.mx/tienda/pdp/producto/1202298024?skuid=1188741203,PATISH,Apple iphone 15 plus super retina xdr 6.7 pulgadas desbloqueado reacondicionado,4200893-Iphone 15 Plus Esim 256gb Amarillo,1202298024
1182561807,https://www.liverpool.com.mx/tienda/pdp/producto/1202298903?skuid=1182561807,PATISH,Samsung GALAXY S23 Dynamic AMOLED 2X 6.1 pulgadas Reacondicionado,4200897-Galaxy S23 8/128 Blanco,1202298903
1182561769,https://www.liverpool.com.mx/tienda/pdp/producto/1202298920?skuid=1182561769,PATISH,Samsung GALAXY S23 Dynamic AMOLED 2X 6.1 pulgadas Reacondicionado,4200901-Galaxy S23 8/128 Verde,1202298920
1200280497,https://www.liverpool.com.mx/tienda/pdp/producto/1202488451?skuid=1200280497,PATISH,Laptop Apple A2337SPG20-C-M188-8-S512 13.3 pulgadas Full HD M1 Integradas 8 GB RAM 512 GB SSD Reacondicionado,4200880-Macbook Air M1 8/512 13.3 Gris Reacondicio,1202488451
1201643119,https://www.liverpool.com.mx/tienda/pdp/producto/1202488460?skuid=1201643119,PATISH,Laptop touch Dell ldc15250-5434blkpus 15.6 pulgadas 2k Intel Core i5 Intel UHD Graphics 8 GB RAM 512 GB SSD,4200918-Dell 5434BLK-PUS Core i5 8/512 Touch 15.6,1202488460
1157494798,https://www.liverpool.com.mx/tienda/pdp/producto/1202488478?skuid=1157494798,PATISH,Laptop Asus Vivobook 14 14 pulgadas Full HD Intel Core i5 Intel Iris XE 16 GB RAM 512 GB SSD,4200879-Asus vivobook Core i5 16/512 14 Azul,1202488478
1192640331,https://www.liverpool.com.mx/tienda/pdp/producto/1202488486?skuid=1192640331,PATISH,Laptop Asus Vivobook 14 pulgadas full hd intel core i5 intel uhd graphics 16 gb ram 512 gb ssd,4200879_Asus vivobook Core i5 16/512 14 Azul,1202488486
1160925139,https://www.liverpool.com.mx/tienda/pdp/producto/1202488494?skuid=1160925139,PATISH,Laptop Asus Vivobook 14 14 pulgadas Full HD Intel Core i5 Intel Iris XE 24 GB RAM 512 GB SSD,4200878-4200085Asus vivobook Core i5 24/512 14,1202488494
1182360429,https://www.liverpool.com.mx/tienda/pdp/producto/1202488508?skuid=1182360429,PATISH,Samsung Galaxy S24 FE Dynamic AMOLED 2x 6.7 pulgadas reacondicionado,4201279-Galaxy S24 FE 8/128 Menta,1202488508
1177113707,https://www.liverpool.com.mx/tienda/pdp/producto/1202488516?skuid=1177113707,PATISH,Samsung Galaxy A26 Super AMOLED 6.7 pulgadas,4200983-Galaxy A26 6/128 Blanco,1202488516
1186662438,https://www.liverpool.com.mx/tienda/pdp/producto/1202488524?skuid=1186662438,PATISH,"Laptop Asus Vivobook X1404VA-I38128
 14 pulgadas Full HD Intel Core i3 Intel UHD Graphics 8 GB RAM 128 GB SSD",4200948-Asus Vivobook 1404VA Core i3 8/128 14,1202488524
1197925635,https://www.liverpool.com.mx/tienda/pdp/producto/1197925635?skuid=1197925635,PATISH,Laptop touch Dell Bundle Laptop DELL Inspiron 15 5623 15.6 pulgadas Full HD Intel Core i5 Intel Iris XE 8 GB RAM 512 GB SSD,4200946-Dell 5623BLK-PUS Core i5 8/512 Touch 15.6,1197925635
1199105317,https://www.liverpool.com.mx/tienda/pdp/producto/1202739900?skuid=1199105317,PATISH,Laptop touch Dell LDC15250-7982BLK-PUS 15.6 pulgadas Full HD Intel Core i7 16 GB RAM 1 TB SSD,4200890- Dell DC15250 Core i7 13ra Gen 16/1Tb 15.6,1202739900
1170197255,https://www.liverpool.com.mx/tienda/pdp/producto/1202992460?skuid=1170197255,PATISH,Samsung Galaxy S25 Ultra Dynamic AMOLED 2X 6.9 pulgadas,4201300-Galaxy S25 Ultra 12/256 Gris Titanio.,1202992460
1201369432,https://www.liverpool.com.mx/tienda/pdp/producto/1204403488?skuid=1201369432,PATISH,Iphone 13 Pro Max Super retina XDR OLED 6.7 pulgadas Reacondicionado,4201239-iPhone 13 Pro Max 128GB Azul.,1204403488
1201369475,https://www.liverpool.com.mx/tienda/pdp/producto/1204403518?skuid=1201369475,PATISH,Iphone 13 Pro Max Super retina XDR OLED 6.7 pulgadas Reacondicionado,4201214-iPhone 13 Pro Max 128GB Dorado.,1204403518
1201368517,https://www.liverpool.com.mx/tienda/pdp/producto/1204403739?skuid=1201368517,PATISH,Iphone 13 Pro Max Super retina XDR OLED 6.7 pulgadas Reacondicionado,4201237-iPhone 13 Pro Max 128GB Plateado.,1204403739
1201369513,https://www.liverpool.com.mx/tienda/pdp/producto/1204403747?skuid=1201369513,PATISH,Iphone 13 Pro Max Super retina XDR OLED 6.7 pulgadas Reacondicionado,4201236-iPhone 13 Pro Max 128GB Gris.,1204403747
1201369556,https://www.liverpool.com.mx/tienda/pdp/producto/1204403755?skuid=1201369556,PATISH,Iphone 13 Pro Max Super retina XDR OLED 6.7 pulgadas Reacondicionado,4201238-iPhone 13 Pro Max128 Gb Verde.,1204403755
1178112780,https://www.liverpool.com.mx/tienda/pdp/producto/1204404310?skuid=1178112780,PATISH,Consola Xbox Series S de 512 GB edición digital,4201665-Xbox Serie S 512Gb,1204404310
1199037826,https://www.liverpool.com.mx/tienda/pdp/producto/1204404336?skuid=1199037826,PATISH,Consola fija Xbox Series S de 512 GB edición bundle Microsoft,4201665-Xbox Serie S 512Gb.,1204404336
1137402978,https://www.liverpool.com.mx/tienda/pdp/producto/1204404344?skuid=1137402978,PATISH,Consola Xbox Series X de 1 TB edición estándar,4201617-Xbox Serie X 1TB Disco Fisico.,1204404344
1203560211,https://www.liverpool.com.mx/tienda/pdp/producto/1203560211?skuid=1203560211,PATISH,SKULLCANDY Crusher Anc 2 Alámbrica e inalámbrica con (si aplica) Sí No aplica,4201539-Skullcandy Crusher ANC 2 Naranja,1203560211
1203560202,https://www.liverpool.com.mx/tienda/pdp/producto/1203560202?skuid=1203560202,PATISH,SKULLCANDY Crusher Anc 2 Alámbrica e inalámbrica con (si aplica) Sí No aplica,4200908-Skullcandy Crusher ANC 2 Preppy Summer,1203560202
1189463851,https://www.liverpool.com.mx/tienda/pdp/producto/1204626231?skuid=1189463851,PATISH,Laptop gamer Asus FA607NUGWH73 16 pulgadas WUXGA AMD Ryzen 7 NVIDIA GeForce RTX 4050 16 GB RAM 512 GB SSD,4200868-Asus TUF WS73 Gaming Ryzen7 16/512 16,1204626231
1203492169,https://www.liverpool.com.mx/tienda/pdp/producto/1203492169?skuid=1203492169,PATISH,Samsung Galaxy Z Fold 6 Dynamic AMOLED 2X 7.6 pulgadas Reacondicionado,4200921-Galaxy Fold 6 12/256 Plata Reacondicionado,1203492169
1203496971,https://www.liverpool.com.mx/tienda/pdp/producto/1203496971?skuid=1203496971,PATISH,Samsung Galaxy S26 Ultra Dynamic AMOLED 2X 6.9 pulgadas Reacondicionado,4200954-Galaxy S26 Ultra 12/256 Negro,1203496971
1203496989,https://www.liverpool.com.mx/tienda/pdp/producto/1203496989?skuid=1203496989,PATISH,Samsung Galaxy S26 Ultra Dynamic AMOLED 2X 6.9 pulgadas Reacondicionado,4200875-Galaxy S26 Ultra 12/256 Violeta,1203496989
1203496962,https://www.liverpool.com.mx/tienda/pdp/producto/1203496962?skuid=1203496962,PATISH,Samsung Galaxy S26 Ultra Dynamic AMOLED 2X 6.9 pulgadas Reacondicionado,4200952-Galaxy S26 Ultra 12/256 Blanco,1203496962
1203496954,https://www.liverpool.com.mx/tienda/pdp/producto/1203496954?skuid=1203496954,PATISH,Samsung Galaxy S26 Ultra Dynamic AMOLED 2X 6.9 pulgadas Reacondicionado,4200953-Galaxy S26 Ultra 12/256 Azul,1203496954
1200534448,https://www.liverpool.com.mx/tienda/pdp/producto/1205968021?skuid=1200534448,PATISH,Computadora touch HP OmniBook 3 16 Laptop 16-BU0052LA 16 pulgadas 2K Intel core ultra 5 Integradas 8 GB RAM 512 GB SSD,4200867-Hp Omnibook 3 BU0305Dx Ultra 5 8/512 To16,1205968021
1204608799,https://www.liverpool.com.mx/tienda/pdp/producto/1206116214?skuid=1204608799,PATISH,Laptop Lenovo 82XQ012HUS 15.6 pulgadas Full HD AMD Ryzen 5 AMD Radeon Graphics 8 GB RAM  512 GB SSD,4200847-Lenovo idealpad Slim 3 12HUS RYZEN 8/512,1206116214
1205326207,https://www.liverpool.com.mx/tienda/pdp/producto/1205326207?skuid=1205326207,PATISH,MacBook Air Retina 13.3 pulgadas 2560 x 1600 Intel Core i3 Intel Iris Plus 8 GB RAM 256 GB,4200916/4200084/4200085 MacbookAirCorei38/256Plata,1205326207
1205792461,https://www.liverpool.com.mx/tienda/pdp/producto/1205792461?skuid=1205792461,PATISH,MacBook Air Retina 13.3 pulgadas 2560 x 1600 Intel Core i3 Intel Iris Plus 8 GB RAM 256 GB,4200926/4200084/4200085MacbookAirCorei38/256GbGris,1205792461
1205792453,https://www.liverpool.com.mx/tienda/pdp/producto/1205792453?skuid=1205792453,PATISH,MacBook Air Retina 13.3 pulgadas 2560 x 1600 Intel Core i3 Intel Iris Plus 8 GB RAM 256 GB,4200915/4200084/4200085MacAirCorei38256GbDorado,1205792453
1205539162,https://www.liverpool.com.mx/tienda/pdp/producto/1205539162?skuid=1205539162,PATISH,Laptop APPLE MacBook Air Retina 13 pulgadas 2020 13.3 pulgadas 2560 x 1600 Intel Core i3 Intel Iris Plus 16 GB RAM 256 GB SSD Reacondicionado,4200857/4200084/4200085 MACBOOKAIRCOREi316/256GRIS,1205539162
1205834601,https://www.liverpool.com.mx/tienda/pdp/producto/1205834601?skuid=1205834601,PATISH,MacBook Air Retina 13.3 pulgadas 2560 x 1600 Intel Core i3 Intel Iris Plus 8 GB RAM 128 GB,4200863/4200084/4200085MACBOOKAIRCOREi38/128GRIS,1205834601
1205562253,https://www.liverpool.com.mx/tienda/pdp/producto/1205562253?skuid=1205562253,PATISH,MacBook Air 13.3 pulgadas 2560 x 1600 Intel Core i5 Intel Iris Plus 16 GB RAM 1 TB,4200864/4200084/4200085MACBOOKAIRCOREi516/1TBGRIS,1205562253
1205850861,https://www.liverpool.com.mx/tienda/pdp/producto/1205850861?skuid=1205850861,PATISH,Laptop APPLE Macbook Air 2020 13.3 pulgadas 2560 x 1600 Intel Core i5 Intel Iris Plus 16 GB RAM 256 GB SSD Reacondicionado,4200853/4200084/4200085MACBOOKAIRCOREi516/256GRIS,1205850861
1191097706,https://www.liverpool.com.mx/tienda/pdp/producto/1206285628?skuid=1191097706,PATISH,Motorola moto edge 60 fusion +audífonos poled 6.6 pulgadas desbloqueado no aplica,4200874/4200085 Moto Edge 60 Fusion 8/256 Azul,1206285628
1191097692,https://www.liverpool.com.mx/tienda/pdp/producto/1206285636?skuid=1191097692,PATISH,Motorola moto edge 60 fusion +audífonos poled 6.6 pulgadas desbloqueado no aplica,4200872/4200085 Moto Edge 60 Fusion 8/256 Rosa,1206285636
1191098320,https://www.liverpool.com.mx/tienda/pdp/producto/1206285644?skuid=1191098320,PATISH,Motorola moto edge 60 fusion +audífonos poled 6.6 pulgadas desbloqueado no aplica,4200873/4200085 Moto Edge 60 Fusion 8/256 Verde,1206285644
1170561585,https://www.liverpool.com.mx/tienda/pdp/producto/1206285652?skuid=1170561585,PATISH,Samsung galaxy a16 super amoled 6.7 pulgadas desbloqueado nuevo,4201295 Galaxy A16 4G 4/128 Negro,1206285652
1205251461,https://www.liverpool.com.mx/tienda/pdp/producto/1205251461?skuid=1205251461,PATISH,Samsung Galaxy A17 LTE Super AMOLED 6.7 pulgadas Reacondicionado,4200871/4200085/4200084 Galaxy A17 4/128 Negro,1205251461
1205251444,https://www.liverpool.com.mx/tienda/pdp/producto/1205251444?skuid=1205251444,PATISH,Samsung Galaxy A17 LTE Super AMOLED 6.7 pulgadas Reacondicionado,4200869/4200085/4200084 Galaxy A17 4/128 Azul,1205251444
1205251452,https://www.liverpool.com.mx/tienda/pdp/producto/1205251452?skuid=1205251452,PATISH,Samsung Galaxy A17 LTE Super AMOLED 6.7 pulgadas Reacondicionado,4200870/4200085/4200084 Galaxy A17 4/128 Gris,1205251452
1204778261,https://www.liverpool.com.mx/tienda/pdp/producto/1204778261?skuid=1204778261,PATISH,Apple iPhone 16 Super Retina XDR OLED 6.1 pulgadas Reacondicionado,4200907/4200085/4200084 Iphone 16 128Gb Negro,1204778261
1205424608,https://www.liverpool.com.mx/tienda/pdp/producto/1205424608?skuid=1205424608,PATISH,Laptop APPLE MacBook Air 8GB RAM 256GB SSD 13.3 pulgadas 2560 x 1600 M1 8 GB RAM 256 GB SSD reacondicionado,4200882/4200085/4200084 Macbook Air M1 8/25gris RF,1205424608
1205435995,https://www.liverpool.com.mx/tienda/pdp/producto/1205435995?skuid=1205435995,PATISH,Motorola Moto G15 LCD 6.72 pulgadas,4200960/4200084/4200085 Moto G15 4/128 Gris,1205435995
1205302375,https://www.liverpool.com.mx/tienda/pdp/producto/1205302375?skuid=1205302375,PATISH,Router Alámbrica e inalámbrica Starlink Starlink Standard V4,4201158-Starlink V4 Standart blanco,1205302375
1205303614,https://www.liverpool.com.mx/tienda/pdp/producto/1205303614?skuid=1205303614,PATISH,Smartwatch apple apple watch se 3 gps 40 mm unisex integrado reacondicionado,4200955/4200085/4200084 Watch Se 3 MEH94LW/A,1205303614
1205522278,https://www.liverpool.com.mx/tienda/pdp/producto/1205522278?skuid=1205522278,PATISH,Smartwatch apple watch series 11 gps 46 mm unisex integrado reacondicionado,4200957/4200085/4200084 Watch Serie 11 MEV44LW/A,1205522278
1206118551,https://www.liverpool.com.mx/tienda/pdp/producto/1206118551?skuid=1206118551,PATISH,Tablet Apple iPad mini 6ª generación Wi-Fi 64 GB 8.3 pulgadas 64 GB de almacenamiento de 4 GB RAM,4201284/4200085/4200084 Ipad mini 6 FK7R3LL Morado,1206118551
1206118543,https://www.liverpool.com.mx/tienda/pdp/producto/1206118543?skuid=1206118543,PATISH,Tablet Apple iPad mini 6ª generación Wi-Fi 64 GB 8.3 pulgadas 64 GB de almacenamiento de 4 GB RAM,4201271/4200085/4200084 Ipad mini 6 FLWL3LLRosa,1206118543
1206118535,https://www.liverpool.com.mx/tienda/pdp/producto/1206118535?skuid=1206118535,PATISH,Tablet Apple iPad mini 6ª generación Wi-Fi 64 GB 8.3 pulgadas 64 GB de almacenamiento de 4 GB RAM,4201285/4200084/4200085 Ipad mini 6 FK7M3LL Gris,1206118535
